"gen","year","loc","block","yield","env"
"1340","2015","Yolo2","B1",3469,"Yolo2 2015"
"1340","2015","Yolo2","B2",3013,"Yolo2 2015"
"1340","2015","Yolo2","B3",2535,"Yolo2 2015"
"1340","2015","Yolo2","B4",3020,"Yolo2 2015"
"1361","2015","Yolo2","B1",3764,"Yolo2 2015"
"1361","2015","Yolo2","B2",4340,"Yolo2 2015"
"1361","2015","Yolo2","B3",5640,"Yolo2 2015"
"1361","2015","Yolo2","B4",6336,"Yolo2 2015"
"1419","2015","Yolo2","B1",3326,"Yolo2 2015"
"1419","2015","Yolo2","B2",3135,"Yolo2 2015"
"1419","2015","Yolo2","B3",5099,"Yolo2 2015"
"1419","2015","Yolo2","B4",5482,"Yolo2 2015"
"1424","2015","Yolo2","B1",2464,"Yolo2 2015"
"1424","2015","Yolo2","B2",3710,"Yolo2 2015"
"1424","2015","Yolo2","B3",3613,"Yolo2 2015"
"1424","2015","Yolo2","B4",3204,"Yolo2 2015"
"1478","2015","Yolo2","B1",4248,"Yolo2 2015"
"1478","2015","Yolo2","B2",11283,"Yolo2 2015"
"1478","2015","Yolo2","B3",4762,"Yolo2 2015"
"1478","2015","Yolo2","B4",5113,"Yolo2 2015"
"1495","2015","Yolo2","B1",5234,"Yolo2 2015"
"1495","2015","Yolo2","B2",4709,"Yolo2 2015"
"1495","2015","Yolo2","B3",4295,"Yolo2 2015"
"1495","2015","Yolo2","B4",5654,"Yolo2 2015"
"1521","2015","Yolo2","B1",3363,"Yolo2 2015"
"1521","2015","Yolo2","B2",1490,"Yolo2 2015"
"1521","2015","Yolo2","B3",4446,"Yolo2 2015"
"1521","2015","Yolo2","B4",5844,"Yolo2 2015"
"1522","2015","Yolo2","B1",3141,"Yolo2 2015"
"1522","2015","Yolo2","B2",4438,"Yolo2 2015"
"1522","2015","Yolo2","B3",4929,"Yolo2 2015"
"1522","2015","Yolo2","B4",5827,"Yolo2 2015"
"1526","2015","Yolo2","B1",3532,"Yolo2 2015"
"1526","2015","Yolo2","B2",4409,"Yolo2 2015"
"1526","2015","Yolo2","B3",4734,"Yolo2 2015"
"1526","2015","Yolo2","B4",5468,"Yolo2 2015"
"1550","2015","Yolo2","B1",2924,"Yolo2 2015"
"1550","2015","Yolo2","B2",3107,"Yolo2 2015"
"1550","2015","Yolo2","B3",4601,"Yolo2 2015"
"1550","2015","Yolo2","B4",3329,"Yolo2 2015"
"1590","2015","Yolo2","B1",4720,"Yolo2 2015"
"1590","2015","Yolo2","B2",3418,"Yolo2 2015"
"1590","2015","Yolo2","B3",6296,"Yolo2 2015"
"1590","2015","Yolo2","B4",5719,"Yolo2 2015"
"1608","2015","Yolo2","B1",1528,"Yolo2 2015"
"1608","2015","Yolo2","B2",5949,"Yolo2 2015"
"1608","2015","Yolo2","B3",4969,"Yolo2 2015"
"1608","2015","Yolo2","B4",6642,"Yolo2 2015"
"1657","2015","Yolo2","B1",4559,"Yolo2 2015"
"1657","2015","Yolo2","B2",3825,"Yolo2 2015"
"1657","2015","Yolo2","B3",4672,"Yolo2 2015"
"1657","2015","Yolo2","B4",5664,"Yolo2 2015"
"1658","2015","Yolo2","B1",3995,"Yolo2 2015"
"1658","2015","Yolo2","B2",5900,"Yolo2 2015"
"1658","2015","Yolo2","B3",4038,"Yolo2 2015"
"1658","2015","Yolo2","B4",6599,"Yolo2 2015"
"1660","2015","Yolo2","B1",3466,"Yolo2 2015"
"1660","2015","Yolo2","B2",2431,"Yolo2 2015"
"1660","2015","Yolo2","B3",5686,"Yolo2 2015"
"1660","2015","Yolo2","B4",6124,"Yolo2 2015"
"1667","2015","Yolo2","B1",1703,"Yolo2 2015"
"1667","2015","Yolo2","B2",3289,"Yolo2 2015"
"1667","2015","Yolo2","B3",4154,"Yolo2 2015"
"1667","2015","Yolo2","B4",3891,"Yolo2 2015"
"1680","2015","Yolo2","B1",3462,"Yolo2 2015"
"1680","2015","Yolo2","B2",3457,"Yolo2 2015"
"1680","2015","Yolo2","B3",4779,"Yolo2 2015"
"1680","2015","Yolo2","B4",5002,"Yolo2 2015"
"1688","2015","Yolo2","B1",4109,"Yolo2 2015"
"1688","2015","Yolo2","B2",5958,"Yolo2 2015"
"1688","2015","Yolo2","B3",6393,"Yolo2 2015"
"1688","2015","Yolo2","B4",6638,"Yolo2 2015"
"1723","2015","Yolo2","B1",4799,"Yolo2 2015"
"1723","2015","Yolo2","B2",5421,"Yolo2 2015"
"1723","2015","Yolo2","B3",6218,"Yolo2 2015"
"1723","2015","Yolo2","B4",6470,"Yolo2 2015"
"1728","2015","Yolo2","B1",4071,"Yolo2 2015"
"1728","2015","Yolo2","B2",4708,"Yolo2 2015"
"1728","2015","Yolo2","B3",3325,"Yolo2 2015"
"1728","2015","Yolo2","B4",3882,"Yolo2 2015"
"1729","2015","Yolo2","B1",2398,"Yolo2 2015"
"1729","2015","Yolo2","B2",1583,"Yolo2 2015"
"1729","2015","Yolo2","B3",8198,"Yolo2 2015"
"1729","2015","Yolo2","B4",4521,"Yolo2 2015"
"1730","2015","Yolo2","B1",4087,"Yolo2 2015"
"1730","2015","Yolo2","B2",4646,"Yolo2 2015"
"1730","2015","Yolo2","B3",4995,"Yolo2 2015"
"1730","2015","Yolo2","B4",5167,"Yolo2 2015"
"1731","2015","Yolo2","B1",4236,"Yolo2 2015"
"1731","2015","Yolo2","B2",4417,"Yolo2 2015"
"1731","2015","Yolo2","B3",5609,"Yolo2 2015"
"1731","2015","Yolo2","B4",4448,"Yolo2 2015"
"1745","2015","Yolo2","B1",1664,"Yolo2 2015"
"1745","2015","Yolo2","B2",12328,"Yolo2 2015"
"1745","2015","Yolo2","B3",6148,"Yolo2 2015"
"1745","2015","Yolo2","B4",4527,"Yolo2 2015"
"1748","2015","Yolo2","B1",1356,"Yolo2 2015"
"1748","2015","Yolo2","B2",5230,"Yolo2 2015"
"1748","2015","Yolo2","B3",5536,"Yolo2 2015"
"1748","2015","Yolo2","B4",5671,"Yolo2 2015"
"1749","2015","Yolo2","B1",2680,"Yolo2 2015"
"1749","2015","Yolo2","B2",4960,"Yolo2 2015"
"1749","2015","Yolo2","B3",4316,"Yolo2 2015"
"1749","2015","Yolo2","B4",5321,"Yolo2 2015"
"1750","2015","Yolo2","B1",2068,"Yolo2 2015"
"1750","2015","Yolo2","B2",3717,"Yolo2 2015"
"1750","2015","Yolo2","B3",5219,"Yolo2 2015"
"1750","2015","Yolo2","B4",4744,"Yolo2 2015"
"1751","2015","Yolo2","B1",1541,"Yolo2 2015"
"1751","2015","Yolo2","B2",1996,"Yolo2 2015"
"1751","2015","Yolo2","B3",4208,"Yolo2 2015"
"1751","2015","Yolo2","B4",7014,"Yolo2 2015"
"1766","2015","Yolo2","B1",4224,"Yolo2 2015"
"1766","2015","Yolo2","B2",3844,"Yolo2 2015"
"1766","2015","Yolo2","B3",5836,"Yolo2 2015"
"1766","2015","Yolo2","B4",4466,"Yolo2 2015"
"1767","2015","Yolo2","B1",5618,"Yolo2 2015"
"1767","2015","Yolo2","B2",5592,"Yolo2 2015"
"1767","2015","Yolo2","B3",6110,"Yolo2 2015"
"1767","2015","Yolo2","B4",6125,"Yolo2 2015"
"1772","2015","Yolo2","B1",2558,"Yolo2 2015"
"1772","2015","Yolo2","B2",4112,"Yolo2 2015"
"1772","2015","Yolo2","B3",5127,"Yolo2 2015"
"1772","2015","Yolo2","B4",5007,"Yolo2 2015"
"1773","2015","Yolo2","B1",2016,"Yolo2 2015"
"1773","2015","Yolo2","B2",4111,"Yolo2 2015"
"1773","2015","Yolo2","B3",3159,"Yolo2 2015"
"1773","2015","Yolo2","B4",5535,"Yolo2 2015"
"1778","2015","Yolo2","B1",4953,"Yolo2 2015"
"1778","2015","Yolo2","B2",5649,"Yolo2 2015"
"1778","2015","Yolo2","B3",5541,"Yolo2 2015"
"1778","2015","Yolo2","B4",5738,"Yolo2 2015"
"1779","2015","Yolo2","B1",3159,"Yolo2 2015"
"1779","2015","Yolo2","B2",4882,"Yolo2 2015"
"1779","2015","Yolo2","B3",5418,"Yolo2 2015"
"1779","2015","Yolo2","B4",3802,"Yolo2 2015"
"1789","2015","Yolo2","B1",977,"Yolo2 2015"
"1789","2015","Yolo2","B2",3472,"Yolo2 2015"
"1789","2015","Yolo2","B3",10201,"Yolo2 2015"
"1789","2015","Yolo2","B4",4953,"Yolo2 2015"
"1790","2015","Yolo2","B1",4062,"Yolo2 2015"
"1790","2015","Yolo2","B2",5180,"Yolo2 2015"
"1790","2015","Yolo2","B3",4837,"Yolo2 2015"
"1790","2015","Yolo2","B4",6321,"Yolo2 2015"
"1791","2015","Yolo2","B1",2108,"Yolo2 2015"
"1791","2015","Yolo2","B2",5641,"Yolo2 2015"
"1791","2015","Yolo2","B3",5372,"Yolo2 2015"
"1791","2015","Yolo2","B4",4469,"Yolo2 2015"
"1792","2015","Yolo2","B1",3034,"Yolo2 2015"
"1792","2015","Yolo2","B2",3712,"Yolo2 2015"
"1792","2015","Yolo2","B3",4534,"Yolo2 2015"
"1792","2015","Yolo2","B4",4759,"Yolo2 2015"
"1793","2015","Yolo2","B1",3322,"Yolo2 2015"
"1793","2015","Yolo2","B2",4420,"Yolo2 2015"
"1793","2015","Yolo2","B3",9766,"Yolo2 2015"
"1793","2015","Yolo2","B4",4928,"Yolo2 2015"
"1794","2015","Yolo2","B1",2960,"Yolo2 2015"
"1794","2015","Yolo2","B2",5539,"Yolo2 2015"
"1794","2015","Yolo2","B3",5947,"Yolo2 2015"
"1794","2015","Yolo2","B4",4771,"Yolo2 2015"
"1795","2015","Yolo2","B1",1557,"Yolo2 2015"
"1795","2015","Yolo2","B2",5418,"Yolo2 2015"
"1795","2015","Yolo2","B3",6101,"Yolo2 2015"
"1795","2015","Yolo2","B4",4970,"Yolo2 2015"
"1802","2015","Yolo2","B1",3945,"Yolo2 2015"
"1802","2015","Yolo2","B2",3939,"Yolo2 2015"
"1802","2015","Yolo2","B3",6589,"Yolo2 2015"
"1802","2015","Yolo2","B4",6039,"Yolo2 2015"
"1803","2015","Yolo2","B1",3934,"Yolo2 2015"
"1803","2015","Yolo2","B2",3510,"Yolo2 2015"
"1803","2015","Yolo2","B3",3402,"Yolo2 2015"
"1803","2015","Yolo2","B4",5945,"Yolo2 2015"
"1804","2015","Yolo2","B1",4457,"Yolo2 2015"
"1804","2015","Yolo2","B2",4004,"Yolo2 2015"
"1804","2015","Yolo2","B3",4963,"Yolo2 2015"
"1804","2015","Yolo2","B4",5051,"Yolo2 2015"
"1805","2015","Yolo2","B1",3173,"Yolo2 2015"
"1805","2015","Yolo2","B2",5018,"Yolo2 2015"
"1805","2015","Yolo2","B3",5802,"Yolo2 2015"
"1805","2015","Yolo2","B4",5981,"Yolo2 2015"
"1806","2015","Yolo2","B1",4004,"Yolo2 2015"
"1806","2015","Yolo2","B2",2561,"Yolo2 2015"
"1806","2015","Yolo2","B3",12787,"Yolo2 2015"
"1806","2015","Yolo2","B4",6226,"Yolo2 2015"
"1807","2015","Yolo2","B1",3809,"Yolo2 2015"
"1807","2015","Yolo2","B2",5530,"Yolo2 2015"
"1807","2015","Yolo2","B3",5400,"Yolo2 2015"
"1807","2015","Yolo2","B4",4400,"Yolo2 2015"
"1808","2015","Yolo2","B1",3685,"Yolo2 2015"
"1808","2015","Yolo2","B2",2336,"Yolo2 2015"
"1808","2015","Yolo2","B3",4224,"Yolo2 2015"
"1808","2015","Yolo2","B4",4223,"Yolo2 2015"
"1478","2016","Yolo2","B1",7021,"Yolo2 2016"
"1478","2016","Yolo2","B2",7142,"Yolo2 2016"
"1478","2016","Yolo2","B3",7326,"Yolo2 2016"
"1478","2016","Yolo2","B4",7836,"Yolo2 2016"
"1495","2016","Yolo2","B1",7694,"Yolo2 2016"
"1495","2016","Yolo2","B2",8015,"Yolo2 2016"
"1495","2016","Yolo2","B3",8295,"Yolo2 2016"
"1495","2016","Yolo2","B4",6648,"Yolo2 2016"
"1521","2016","Yolo2","B1",7779,"Yolo2 2016"
"1521","2016","Yolo2","B2",7542,"Yolo2 2016"
"1521","2016","Yolo2","B3",7298,"Yolo2 2016"
"1521","2016","Yolo2","B4",8263,"Yolo2 2016"
"1522","2016","Yolo2","B1",6132,"Yolo2 2016"
"1522","2016","Yolo2","B2",7508,"Yolo2 2016"
"1522","2016","Yolo2","B3",8050,"Yolo2 2016"
"1522","2016","Yolo2","B4",7299,"Yolo2 2016"
"1550","2016","Yolo2","B1",3922,"Yolo2 2016"
"1550","2016","Yolo2","B2",5274,"Yolo2 2016"
"1550","2016","Yolo2","B3",5503,"Yolo2 2016"
"1550","2016","Yolo2","B4",6134,"Yolo2 2016"
"1590","2016","Yolo2","B1",8059,"Yolo2 2016"
"1590","2016","Yolo2","B3",8047,"Yolo2 2016"
"1590","2016","Yolo2","B4",7123,"Yolo2 2016"
"1608","2016","Yolo2","B1",6349,"Yolo2 2016"
"1608","2016","Yolo2","B2",6661,"Yolo2 2016"
"1608","2016","Yolo2","B3",5942,"Yolo2 2016"
"1608","2016","Yolo2","B4",7120,"Yolo2 2016"
"1650","2016","Yolo2","B1",6068,"Yolo2 2016"
"1650","2016","Yolo2","B2",4920,"Yolo2 2016"
"1650","2016","Yolo2","B3",6786,"Yolo2 2016"
"1650","2016","Yolo2","B4",4942,"Yolo2 2016"
"1657","2016","Yolo2","B1",7567,"Yolo2 2016"
"1657","2016","Yolo2","B2",7156,"Yolo2 2016"
"1657","2016","Yolo2","B3",6615,"Yolo2 2016"
"1657","2016","Yolo2","B4",5598,"Yolo2 2016"
"1658","2016","Yolo2","B1",7759,"Yolo2 2016"
"1658","2016","Yolo2","B2",7013,"Yolo2 2016"
"1658","2016","Yolo2","B3",6655,"Yolo2 2016"
"1658","2016","Yolo2","B4",7967,"Yolo2 2016"
"1660","2016","Yolo2","B1",6938,"Yolo2 2016"
"1660","2016","Yolo2","B2",6339,"Yolo2 2016"
"1660","2016","Yolo2","B3",7670,"Yolo2 2016"
"1660","2016","Yolo2","B4",7688,"Yolo2 2016"
"1667","2016","Yolo2","B1",5554,"Yolo2 2016"
"1667","2016","Yolo2","B2",4978,"Yolo2 2016"
"1667","2016","Yolo2","B3",4746,"Yolo2 2016"
"1667","2016","Yolo2","B4",3706,"Yolo2 2016"
"1680","2016","Yolo2","B1",7560,"Yolo2 2016"
"1680","2016","Yolo2","B2",4501,"Yolo2 2016"
"1680","2016","Yolo2","B3",8034,"Yolo2 2016"
"1680","2016","Yolo2","B4",7217,"Yolo2 2016"
"1723","2016","Yolo2","B1",8674,"Yolo2 2016"
"1723","2016","Yolo2","B2",9106,"Yolo2 2016"
"1723","2016","Yolo2","B3",8183,"Yolo2 2016"
"1723","2016","Yolo2","B4",7766,"Yolo2 2016"
"1728","2016","Yolo2","B1",4069,"Yolo2 2016"
"1728","2016","Yolo2","B2",6577,"Yolo2 2016"
"1728","2016","Yolo2","B3",6858,"Yolo2 2016"
"1728","2016","Yolo2","B4",6203,"Yolo2 2016"
"1730","2016","Yolo2","B1",6986,"Yolo2 2016"
"1730","2016","Yolo2","B2",7254,"Yolo2 2016"
"1730","2016","Yolo2","B3",6650,"Yolo2 2016"
"1730","2016","Yolo2","B4",7210,"Yolo2 2016"
"1731","2016","Yolo2","B1",5545,"Yolo2 2016"
"1731","2016","Yolo2","B2",5828,"Yolo2 2016"
"1731","2016","Yolo2","B3",7215,"Yolo2 2016"
"1731","2016","Yolo2","B4",7983,"Yolo2 2016"
"1743","2016","Yolo2","B1",5591,"Yolo2 2016"
"1743","2016","Yolo2","B2",7414,"Yolo2 2016"
"1743","2016","Yolo2","B3",6494,"Yolo2 2016"
"1743","2016","Yolo2","B4",6505,"Yolo2 2016"
"1745","2016","Yolo2","B1",7800,"Yolo2 2016"
"1745","2016","Yolo2","B2",7366,"Yolo2 2016"
"1745","2016","Yolo2","B3",7112,"Yolo2 2016"
"1745","2016","Yolo2","B4",7321,"Yolo2 2016"
"1748","2016","Yolo2","B1",7106,"Yolo2 2016"
"1748","2016","Yolo2","B2",6486,"Yolo2 2016"
"1748","2016","Yolo2","B3",7582,"Yolo2 2016"
"1748","2016","Yolo2","B4",7235,"Yolo2 2016"
"1749","2016","Yolo2","B1",6425,"Yolo2 2016"
"1749","2016","Yolo2","B2",7600,"Yolo2 2016"
"1749","2016","Yolo2","B3",7733,"Yolo2 2016"
"1749","2016","Yolo2","B4",7267,"Yolo2 2016"
"1750","2016","Yolo2","B1",7542,"Yolo2 2016"
"1750","2016","Yolo2","B2",7778,"Yolo2 2016"
"1750","2016","Yolo2","B3",7687,"Yolo2 2016"
"1750","2016","Yolo2","B4",6905,"Yolo2 2016"
"1751","2016","Yolo2","B1",7939,"Yolo2 2016"
"1751","2016","Yolo2","B2",7741,"Yolo2 2016"
"1751","2016","Yolo2","B3",7733,"Yolo2 2016"
"1751","2016","Yolo2","B4",6839,"Yolo2 2016"
"1766","2016","Yolo2","B1",6729,"Yolo2 2016"
"1766","2016","Yolo2","B2",6851,"Yolo2 2016"
"1766","2016","Yolo2","B3",6844,"Yolo2 2016"
"1766","2016","Yolo2","B4",6463,"Yolo2 2016"
"1778","2016","Yolo2","B1",7635,"Yolo2 2016"
"1778","2016","Yolo2","B2",6328,"Yolo2 2016"
"1778","2016","Yolo2","B3",4394,"Yolo2 2016"
"1778","2016","Yolo2","B4",5420,"Yolo2 2016"
"1802","2016","Yolo2","B1",7713,"Yolo2 2016"
"1802","2016","Yolo2","B2",7823,"Yolo2 2016"
"1802","2016","Yolo2","B3",6244,"Yolo2 2016"
"1802","2016","Yolo2","B4",7184,"Yolo2 2016"
"1807","2016","Yolo2","B1",6225,"Yolo2 2016"
"1807","2016","Yolo2","B2",5251,"Yolo2 2016"
"1807","2016","Yolo2","B3",5574,"Yolo2 2016"
"1807","2016","Yolo2","B4",6798,"Yolo2 2016"
"1814","2016","Yolo2","B1",7562,"Yolo2 2016"
"1814","2016","Yolo2","B2",7429,"Yolo2 2016"
"1814","2016","Yolo2","B3",7191,"Yolo2 2016"
"1814","2016","Yolo2","B4",7393,"Yolo2 2016"
"1815","2016","Yolo2","B1",6824,"Yolo2 2016"
"1815","2016","Yolo2","B2",7564,"Yolo2 2016"
"1815","2016","Yolo2","B3",7639,"Yolo2 2016"
"1815","2016","Yolo2","B4",7940,"Yolo2 2016"
"1816","2016","Yolo2","B1",8417,"Yolo2 2016"
"1816","2016","Yolo2","B2",7369,"Yolo2 2016"
"1816","2016","Yolo2","B3",8035,"Yolo2 2016"
"1816","2016","Yolo2","B4",7567,"Yolo2 2016"
"1817","2016","Yolo2","B1",6665,"Yolo2 2016"
"1817","2016","Yolo2","B2",7091,"Yolo2 2016"
"1817","2016","Yolo2","B3",7859,"Yolo2 2016"
"1817","2016","Yolo2","B4",7868,"Yolo2 2016"
"1818","2016","Yolo2","B1",6974,"Yolo2 2016"
"1818","2016","Yolo2","B2",5410,"Yolo2 2016"
"1818","2016","Yolo2","B3",6981,"Yolo2 2016"
"1818","2016","Yolo2","B4",5855,"Yolo2 2016"
"1819","2016","Yolo2","B1",7187,"Yolo2 2016"
"1819","2016","Yolo2","B2",7309,"Yolo2 2016"
"1819","2016","Yolo2","B3",7666,"Yolo2 2016"
"1819","2016","Yolo2","B4",8065,"Yolo2 2016"
"1820","2016","Yolo2","B1",6876,"Yolo2 2016"
"1820","2016","Yolo2","B2",7051,"Yolo2 2016"
"1820","2016","Yolo2","B3",7979,"Yolo2 2016"
"1820","2016","Yolo2","B4",7853,"Yolo2 2016"
"1821","2016","Yolo2","B1",7995,"Yolo2 2016"
"1821","2016","Yolo2","B2",8102,"Yolo2 2016"
"1821","2016","Yolo2","B3",7629,"Yolo2 2016"
"1821","2016","Yolo2","B4",8113,"Yolo2 2016"
"1828","2016","Yolo2","B1",6063,"Yolo2 2016"
"1828","2016","Yolo2","B2",7172,"Yolo2 2016"
"1828","2016","Yolo2","B3",7914,"Yolo2 2016"
"1828","2016","Yolo2","B4",6942,"Yolo2 2016"
"1829","2016","Yolo2","B1",5109,"Yolo2 2016"
"1829","2016","Yolo2","B2",5374,"Yolo2 2016"
"1829","2016","Yolo2","B3",7729,"Yolo2 2016"
"1829","2016","Yolo2","B4",7377,"Yolo2 2016"
"1830","2016","Yolo2","B1",7599,"Yolo2 2016"
"1830","2016","Yolo2","B2",7637,"Yolo2 2016"
"1830","2016","Yolo2","B3",6992,"Yolo2 2016"
"1830","2016","Yolo2","B4",4299,"Yolo2 2016"
"1831","2016","Yolo2","B1",8424,"Yolo2 2016"
"1831","2016","Yolo2","B2",7534,"Yolo2 2016"
"1831","2016","Yolo2","B3",6947,"Yolo2 2016"
"1831","2016","Yolo2","B4",7170,"Yolo2 2016"
"20","2016","Yolo2","B1",5871,"Yolo2 2016"
"20","2016","Yolo2","B2",7561,"Yolo2 2016"
"20","2016","Yolo2","B3",6425,"Yolo2 2016"
"20","2016","Yolo2","B4",6746,"Yolo2 2016"
"1478","2016","Colusa","B1",7594,"Colusa 2016"
"1478","2016","Colusa","B2",7828,"Colusa 2016"
"1478","2016","Colusa","B3",9385,"Colusa 2016"
"1478","2016","Colusa","B4",10334,"Colusa 2016"
"1495","2016","Colusa","B1",5146,"Colusa 2016"
"1495","2016","Colusa","B2",6378,"Colusa 2016"
"1495","2016","Colusa","B3",7695,"Colusa 2016"
"1495","2016","Colusa","B4",6420,"Colusa 2016"
"1521","2016","Colusa","B1",7405,"Colusa 2016"
"1521","2016","Colusa","B2",7479,"Colusa 2016"
"1521","2016","Colusa","B3",6954,"Colusa 2016"
"1521","2016","Colusa","B4",7633,"Colusa 2016"
"1522","2016","Colusa","B1",5785,"Colusa 2016"
"1522","2016","Colusa","B2",7203,"Colusa 2016"
"1522","2016","Colusa","B3",8388,"Colusa 2016"
"1522","2016","Colusa","B4",6259,"Colusa 2016"
"1550","2016","Colusa","B2",4113,"Colusa 2016"
"1550","2016","Colusa","B3",4702,"Colusa 2016"
"1550","2016","Colusa","B4",3896,"Colusa 2016"
"1590","2016","Colusa","B1",6879,"Colusa 2016"
"1590","2016","Colusa","B2",7259,"Colusa 2016"
"1590","2016","Colusa","B3",6851,"Colusa 2016"
"1590","2016","Colusa","B4",7900,"Colusa 2016"
"1608","2016","Colusa","B1",6706,"Colusa 2016"
"1608","2016","Colusa","B2",8201,"Colusa 2016"
"1608","2016","Colusa","B3",6495,"Colusa 2016"
"1608","2016","Colusa","B4",6516,"Colusa 2016"
"1650","2016","Colusa","B1",6803,"Colusa 2016"
"1650","2016","Colusa","B2",6963,"Colusa 2016"
"1650","2016","Colusa","B3",6501,"Colusa 2016"
"1650","2016","Colusa","B4",7118,"Colusa 2016"
"1657","2016","Colusa","B1",6541,"Colusa 2016"
"1657","2016","Colusa","B2",6415,"Colusa 2016"
"1657","2016","Colusa","B3",6685,"Colusa 2016"
"1657","2016","Colusa","B4",5912,"Colusa 2016"
"1658","2016","Colusa","B1",8028,"Colusa 2016"
"1658","2016","Colusa","B2",9093,"Colusa 2016"
"1658","2016","Colusa","B3",7546,"Colusa 2016"
"1658","2016","Colusa","B4",7269,"Colusa 2016"
"1660","2016","Colusa","B1",6861,"Colusa 2016"
"1660","2016","Colusa","B2",8513,"Colusa 2016"
"1660","2016","Colusa","B3",7147,"Colusa 2016"
"1660","2016","Colusa","B4",7451,"Colusa 2016"
"1667","2016","Colusa","B1",4600,"Colusa 2016"
"1667","2016","Colusa","B2",5245,"Colusa 2016"
"1667","2016","Colusa","B3",4312,"Colusa 2016"
"1667","2016","Colusa","B4",4003,"Colusa 2016"
"1680","2016","Colusa","B1",6649,"Colusa 2016"
"1680","2016","Colusa","B2",7124,"Colusa 2016"
"1680","2016","Colusa","B3",8114,"Colusa 2016"
"1680","2016","Colusa","B4",8027,"Colusa 2016"
"1723","2016","Colusa","B1",7721,"Colusa 2016"
"1723","2016","Colusa","B2",8003,"Colusa 2016"
"1723","2016","Colusa","B3",8915,"Colusa 2016"
"1723","2016","Colusa","B4",7915,"Colusa 2016"
"1728","2016","Colusa","B1",4536,"Colusa 2016"
"1728","2016","Colusa","B2",6677,"Colusa 2016"
"1728","2016","Colusa","B3",5644,"Colusa 2016"
"1728","2016","Colusa","B4",5049,"Colusa 2016"
"1730","2016","Colusa","B1",6205,"Colusa 2016"
"1730","2016","Colusa","B2",7707,"Colusa 2016"
"1730","2016","Colusa","B3",7615,"Colusa 2016"
"1730","2016","Colusa","B4",7417,"Colusa 2016"
"1731","2016","Colusa","B1",7410,"Colusa 2016"
"1731","2016","Colusa","B2",6828,"Colusa 2016"
"1731","2016","Colusa","B3",7425,"Colusa 2016"
"1731","2016","Colusa","B4",7664,"Colusa 2016"
"1743","2016","Colusa","B1",6832,"Colusa 2016"
"1743","2016","Colusa","B2",8624,"Colusa 2016"
"1743","2016","Colusa","B3",8196,"Colusa 2016"
"1743","2016","Colusa","B4",7799,"Colusa 2016"
"1745","2016","Colusa","B1",6064,"Colusa 2016"
"1745","2016","Colusa","B2",6643,"Colusa 2016"
"1745","2016","Colusa","B3",6676,"Colusa 2016"
"1745","2016","Colusa","B4",7122,"Colusa 2016"
"1748","2016","Colusa","B1",6222,"Colusa 2016"
"1748","2016","Colusa","B2",7481,"Colusa 2016"
"1748","2016","Colusa","B3",7273,"Colusa 2016"
"1748","2016","Colusa","B4",7647,"Colusa 2016"
"1749","2016","Colusa","B1",6793,"Colusa 2016"
"1749","2016","Colusa","B2",7826,"Colusa 2016"
"1749","2016","Colusa","B3",8211,"Colusa 2016"
"1749","2016","Colusa","B4",7283,"Colusa 2016"
"1750","2016","Colusa","B1",6178,"Colusa 2016"
"1750","2016","Colusa","B2",8438,"Colusa 2016"
"1750","2016","Colusa","B3",7195,"Colusa 2016"
"1750","2016","Colusa","B4",6451,"Colusa 2016"
"1751","2016","Colusa","B1",7290,"Colusa 2016"
"1751","2016","Colusa","B2",7773,"Colusa 2016"
"1751","2016","Colusa","B3",7661,"Colusa 2016"
"1751","2016","Colusa","B4",7146,"Colusa 2016"
"1766","2016","Colusa","B1",4980,"Colusa 2016"
"1766","2016","Colusa","B2",5918,"Colusa 2016"
"1766","2016","Colusa","B3",5925,"Colusa 2016"
"1766","2016","Colusa","B4",6630,"Colusa 2016"
"1778","2016","Colusa","B1",6305,"Colusa 2016"
"1778","2016","Colusa","B2",7351,"Colusa 2016"
"1778","2016","Colusa","B3",8419,"Colusa 2016"
"1778","2016","Colusa","B4",7824,"Colusa 2016"
"1802","2016","Colusa","B1",7961,"Colusa 2016"
"1802","2016","Colusa","B2",7807,"Colusa 2016"
"1802","2016","Colusa","B3",9423,"Colusa 2016"
"1802","2016","Colusa","B4",8284,"Colusa 2016"
"1807","2016","Colusa","B1",6955,"Colusa 2016"
"1807","2016","Colusa","B2",6678,"Colusa 2016"
"1807","2016","Colusa","B3",6880,"Colusa 2016"
"1807","2016","Colusa","B4",6771,"Colusa 2016"
"1814","2016","Colusa","B1",8103,"Colusa 2016"
"1814","2016","Colusa","B2",7699,"Colusa 2016"
"1814","2016","Colusa","B3",7255,"Colusa 2016"
"1814","2016","Colusa","B4",8317,"Colusa 2016"
"1815","2016","Colusa","B1",6273,"Colusa 2016"
"1815","2016","Colusa","B2",8087,"Colusa 2016"
"1815","2016","Colusa","B3",7452,"Colusa 2016"
"1815","2016","Colusa","B4",7001,"Colusa 2016"
"1816","2016","Colusa","B1",6944,"Colusa 2016"
"1816","2016","Colusa","B2",8310,"Colusa 2016"
"1816","2016","Colusa","B3",7922,"Colusa 2016"
"1816","2016","Colusa","B4",7617,"Colusa 2016"
"1817","2016","Colusa","B1",7385,"Colusa 2016"
"1817","2016","Colusa","B2",7148,"Colusa 2016"
"1817","2016","Colusa","B3",8835,"Colusa 2016"
"1817","2016","Colusa","B4",6919,"Colusa 2016"
"1818","2016","Colusa","B1",6631,"Colusa 2016"
"1818","2016","Colusa","B2",6311,"Colusa 2016"
"1818","2016","Colusa","B3",6809,"Colusa 2016"
"1818","2016","Colusa","B4",6949,"Colusa 2016"
"1819","2016","Colusa","B1",6636,"Colusa 2016"
"1819","2016","Colusa","B2",7736,"Colusa 2016"
"1819","2016","Colusa","B3",7294,"Colusa 2016"
"1819","2016","Colusa","B4",6491,"Colusa 2016"
"1820","2016","Colusa","B1",6623,"Colusa 2016"
"1820","2016","Colusa","B2",7443,"Colusa 2016"
"1820","2016","Colusa","B3",7023,"Colusa 2016"
"1820","2016","Colusa","B4",7056,"Colusa 2016"
"1821","2016","Colusa","B1",6383,"Colusa 2016"
"1821","2016","Colusa","B2",7756,"Colusa 2016"
"1821","2016","Colusa","B4",6351,"Colusa 2016"
"1828","2016","Colusa","B1",6062,"Colusa 2016"
"1828","2016","Colusa","B2",7819,"Colusa 2016"
"1828","2016","Colusa","B3",8320,"Colusa 2016"
"1828","2016","Colusa","B4",6999,"Colusa 2016"
"1829","2016","Colusa","B1",6235,"Colusa 2016"
"1829","2016","Colusa","B2",7432,"Colusa 2016"
"1829","2016","Colusa","B3",7468,"Colusa 2016"
"1829","2016","Colusa","B4",6523,"Colusa 2016"
"1830","2016","Colusa","B1",8313,"Colusa 2016"
"1830","2016","Colusa","B2",8181,"Colusa 2016"
"1830","2016","Colusa","B3",7095,"Colusa 2016"
"1830","2016","Colusa","B4",7862,"Colusa 2016"
"1831","2016","Colusa","B1",7536,"Colusa 2016"
"1831","2016","Colusa","B2",7462,"Colusa 2016"
"1831","2016","Colusa","B3",7856,"Colusa 2016"
"1831","2016","Colusa","B4",8286,"Colusa 2016"
"20","2016","Colusa","B1",6212,"Colusa 2016"
"20","2016","Colusa","B2",7411,"Colusa 2016"
"20","2016","Colusa","B3",6506,"Colusa 2016"
"20","2016","Colusa","B4",6674,"Colusa 2016"
"112","2017","Colusa","B1",NA,"Colusa 2017"
"112","2017","Colusa","B2",3274,"Colusa 2017"
"112","2017","Colusa","B3",NA,"Colusa 2017"
"112","2017","Colusa","B4",NA,"Colusa 2017"
"1478","2017","Colusa","B1",7892,"Colusa 2017"
"1478","2017","Colusa","B2",9072,"Colusa 2017"
"1478","2017","Colusa","B3",8666,"Colusa 2017"
"1478","2017","Colusa","B4",9269,"Colusa 2017"
"1495","2017","Colusa","B1",10068,"Colusa 2017"
"1495","2017","Colusa","B2",6587,"Colusa 2017"
"1495","2017","Colusa","B3",NA,"Colusa 2017"
"1495","2017","Colusa","B4",NA,"Colusa 2017"
"1521","2017","Colusa","B1",7038,"Colusa 2017"
"1521","2017","Colusa","B2",NA,"Colusa 2017"
"1521","2017","Colusa","B3",NA,"Colusa 2017"
"1521","2017","Colusa","B4",8043,"Colusa 2017"
"1522","2017","Colusa","B1",NA,"Colusa 2017"
"1522","2017","Colusa","B2",6971,"Colusa 2017"
"1522","2017","Colusa","B3",8154,"Colusa 2017"
"1522","2017","Colusa","B4",8479,"Colusa 2017"
"1590","2017","Colusa","B1",9020,"Colusa 2017"
"1590","2017","Colusa","B2",8091,"Colusa 2017"
"1590","2017","Colusa","B3",8328,"Colusa 2017"
"1590","2017","Colusa","B4",9796,"Colusa 2017"
"1608","2017","Colusa","B1",6432,"Colusa 2017"
"1608","2017","Colusa","B2",9876,"Colusa 2017"
"1608","2017","Colusa","B3",4395,"Colusa 2017"
"1608","2017","Colusa","B4",4340,"Colusa 2017"
"1657","2017","Colusa","B1",NA,"Colusa 2017"
"1657","2017","Colusa","B2",6531,"Colusa 2017"
"1657","2017","Colusa","B3",NA,"Colusa 2017"
"1657","2017","Colusa","B4",NA,"Colusa 2017"
"1658","2017","Colusa","B1",8969,"Colusa 2017"
"1658","2017","Colusa","B2",7983,"Colusa 2017"
"1658","2017","Colusa","B3",NA,"Colusa 2017"
"1658","2017","Colusa","B4",8709,"Colusa 2017"
"1660","2017","Colusa","B1",NA,"Colusa 2017"
"1660","2017","Colusa","B2",7900,"Colusa 2017"
"1660","2017","Colusa","B3",NA,"Colusa 2017"
"1660","2017","Colusa","B4",NA,"Colusa 2017"
"1667","2017","Colusa","B1",5773,"Colusa 2017"
"1667","2017","Colusa","B2",6671,"Colusa 2017"
"1667","2017","Colusa","B3",5938,"Colusa 2017"
"1667","2017","Colusa","B4",NA,"Colusa 2017"
"1680","2017","Colusa","B1",9840,"Colusa 2017"
"1680","2017","Colusa","B2",8890,"Colusa 2017"
"1680","2017","Colusa","B3",9327,"Colusa 2017"
"1680","2017","Colusa","B4",9634,"Colusa 2017"
"1688","2017","Colusa","B1",8528,"Colusa 2017"
"1688","2017","Colusa","B2",7868,"Colusa 2017"
"1688","2017","Colusa","B3",8170,"Colusa 2017"
"1688","2017","Colusa","B4",8993,"Colusa 2017"
"1723","2017","Colusa","B1",10580,"Colusa 2017"
"1723","2017","Colusa","B2",9977,"Colusa 2017"
"1723","2017","Colusa","B3",11439,"Colusa 2017"
"1723","2017","Colusa","B4",10146,"Colusa 2017"
"1728","2017","Colusa","B1",6536,"Colusa 2017"
"1728","2017","Colusa","B2",5384,"Colusa 2017"
"1728","2017","Colusa","B3",4293,"Colusa 2017"
"1728","2017","Colusa","B4",NA,"Colusa 2017"
"1730","2017","Colusa","B1",9313,"Colusa 2017"
"1730","2017","Colusa","B2",6196,"Colusa 2017"
"1730","2017","Colusa","B3",8997,"Colusa 2017"
"1730","2017","Colusa","B4",8687,"Colusa 2017"
"1731","2017","Colusa","B1",8719,"Colusa 2017"
"1731","2017","Colusa","B2",7848,"Colusa 2017"
"1731","2017","Colusa","B3",6890,"Colusa 2017"
"1731","2017","Colusa","B4",8067,"Colusa 2017"
"1743","2017","Colusa","B1",9449,"Colusa 2017"
"1743","2017","Colusa","B2",8328,"Colusa 2017"
"1743","2017","Colusa","B3",8761,"Colusa 2017"
"1743","2017","Colusa","B4",7201,"Colusa 2017"
"1745","2017","Colusa","B1",9268,"Colusa 2017"
"1745","2017","Colusa","B2",7631,"Colusa 2017"
"1745","2017","Colusa","B3",8075,"Colusa 2017"
"1745","2017","Colusa","B4",NA,"Colusa 2017"
"1748","2017","Colusa","B1",7443,"Colusa 2017"
"1748","2017","Colusa","B2",7409,"Colusa 2017"
"1748","2017","Colusa","B3",7807,"Colusa 2017"
"1748","2017","Colusa","B4",7539,"Colusa 2017"
"1751","2017","Colusa","B1",8190,"Colusa 2017"
"1751","2017","Colusa","B2",8709,"Colusa 2017"
"1751","2017","Colusa","B3",7521,"Colusa 2017"
"1751","2017","Colusa","B4",4271,"Colusa 2017"
"1766","2017","Colusa","B1",6655,"Colusa 2017"
"1766","2017","Colusa","B2",7112,"Colusa 2017"
"1766","2017","Colusa","B3",6031,"Colusa 2017"
"1766","2017","Colusa","B4",7622,"Colusa 2017"
"1778","2017","Colusa","B1",10059,"Colusa 2017"
"1778","2017","Colusa","B2",8079,"Colusa 2017"
"1778","2017","Colusa","B3",7649,"Colusa 2017"
"1778","2017","Colusa","B4",8555,"Colusa 2017"
"1802","2017","Colusa","B1",NA,"Colusa 2017"
"1802","2017","Colusa","B2",8561,"Colusa 2017"
"1802","2017","Colusa","B3",NA,"Colusa 2017"
"1802","2017","Colusa","B4",7822,"Colusa 2017"
"1815","2017","Colusa","B1",10471,"Colusa 2017"
"1815","2017","Colusa","B2",NA,"Colusa 2017"
"1815","2017","Colusa","B3",9541,"Colusa 2017"
"1815","2017","Colusa","B4",9284,"Colusa 2017"
"1817","2017","Colusa","B1",6703,"Colusa 2017"
"1817","2017","Colusa","B2",8835,"Colusa 2017"
"1817","2017","Colusa","B3",9896,"Colusa 2017"
"1817","2017","Colusa","B4",8851,"Colusa 2017"
"1819","2017","Colusa","B1",NA,"Colusa 2017"
"1819","2017","Colusa","B2",7391,"Colusa 2017"
"1819","2017","Colusa","B3",7395,"Colusa 2017"
"1819","2017","Colusa","B4",6432,"Colusa 2017"
"1828","2017","Colusa","B1",8380,"Colusa 2017"
"1828","2017","Colusa","B2",9102,"Colusa 2017"
"1828","2017","Colusa","B3",7546,"Colusa 2017"
"1828","2017","Colusa","B4",8413,"Colusa 2017"
"1830","2017","Colusa","B1",NA,"Colusa 2017"
"1830","2017","Colusa","B2",10271,"Colusa 2017"
"1830","2017","Colusa","B3",8715,"Colusa 2017"
"1830","2017","Colusa","B4",9310,"Colusa 2017"
"1831","2017","Colusa","B1",10564,"Colusa 2017"
"1831","2017","Colusa","B2",7994,"Colusa 2017"
"1831","2017","Colusa","B3",9319,"Colusa 2017"
"1831","2017","Colusa","B4",9456,"Colusa 2017"
"1834","2017","Colusa","B1",8482,"Colusa 2017"
"1834","2017","Colusa","B2",8451,"Colusa 2017"
"1834","2017","Colusa","B3",8251,"Colusa 2017"
"1834","2017","Colusa","B4",8965,"Colusa 2017"
"1835","2017","Colusa","B1",8602,"Colusa 2017"
"1835","2017","Colusa","B2",8626,"Colusa 2017"
"1835","2017","Colusa","B3",8677,"Colusa 2017"
"1835","2017","Colusa","B4",8912,"Colusa 2017"
"1836","2017","Colusa","B1",7558,"Colusa 2017"
"1836","2017","Colusa","B2",NA,"Colusa 2017"
"1836","2017","Colusa","B3",6573,"Colusa 2017"
"1836","2017","Colusa","B4",7235,"Colusa 2017"
"1837","2017","Colusa","B1",7634,"Colusa 2017"
"1837","2017","Colusa","B2",NA,"Colusa 2017"
"1837","2017","Colusa","B3",NA,"Colusa 2017"
"1837","2017","Colusa","B4",6129,"Colusa 2017"
"1838","2017","Colusa","B1",6688,"Colusa 2017"
"1838","2017","Colusa","B2",8152,"Colusa 2017"
"1838","2017","Colusa","B3",5821,"Colusa 2017"
"1838","2017","Colusa","B4",7792,"Colusa 2017"
"1839","2017","Colusa","B1",6698,"Colusa 2017"
"1839","2017","Colusa","B2",7959,"Colusa 2017"
"1839","2017","Colusa","B3",NA,"Colusa 2017"
"1839","2017","Colusa","B4",8157,"Colusa 2017"
"1840","2017","Colusa","B1",NA,"Colusa 2017"
"1840","2017","Colusa","B2",6578,"Colusa 2017"
"1840","2017","Colusa","B3",8769,"Colusa 2017"
"1840","2017","Colusa","B4",NA,"Colusa 2017"
"1841","2017","Colusa","B1",9110,"Colusa 2017"
"1841","2017","Colusa","B2",7520,"Colusa 2017"
"1841","2017","Colusa","B3",7855,"Colusa 2017"
"1841","2017","Colusa","B4",7560,"Colusa 2017"
"1842","2017","Colusa","B1",8873,"Colusa 2017"
"1842","2017","Colusa","B2",8937,"Colusa 2017"
"1842","2017","Colusa","B3",9696,"Colusa 2017"
"1842","2017","Colusa","B4",10068,"Colusa 2017"
"1843","2017","Colusa","B1",7665,"Colusa 2017"
"1843","2017","Colusa","B2",NA,"Colusa 2017"
"1843","2017","Colusa","B3",NA,"Colusa 2017"
"1843","2017","Colusa","B4",8591,"Colusa 2017"
"1844","2017","Colusa","B1",8052,"Colusa 2017"
"1844","2017","Colusa","B2",8844,"Colusa 2017"
"1844","2017","Colusa","B3",10055,"Colusa 2017"
"1844","2017","Colusa","B4",9039,"Colusa 2017"
"1845","2017","Colusa","B1",10610,"Colusa 2017"
"1845","2017","Colusa","B2",9503,"Colusa 2017"
"1845","2017","Colusa","B3",10372,"Colusa 2017"
"1845","2017","Colusa","B4",9829,"Colusa 2017"
"1846","2017","Colusa","B1",10376,"Colusa 2017"
"1846","2017","Colusa","B2",9601,"Colusa 2017"
"1846","2017","Colusa","B3",9630,"Colusa 2017"
"1846","2017","Colusa","B4",9381,"Colusa 2017"
"1847","2017","Colusa","B1",10751,"Colusa 2017"
"1847","2017","Colusa","B2",9565,"Colusa 2017"
"1847","2017","Colusa","B3",9466,"Colusa 2017"
"1847","2017","Colusa","B4",9883,"Colusa 2017"
"20","2017","Colusa","B1",10321,"Colusa 2017"
"20","2017","Colusa","B2",8049,"Colusa 2017"
"20","2017","Colusa","B3",4051,"Colusa 2017"
"20","2017","Colusa","B4",NA,"Colusa 2017"
"1340","2015","Yolo1","B1",3733,"Yolo1 2015"
"1340","2015","Yolo1","B2",4162,"Yolo1 2015"
"1340","2015","Yolo1","B3",3693,"Yolo1 2015"
"1340","2015","Yolo1","B4",3090,"Yolo1 2015"
"1361","2015","Yolo1","B1",5994,"Yolo1 2015"
"1361","2015","Yolo1","B2",5724,"Yolo1 2015"
"1361","2015","Yolo1","B3",5491,"Yolo1 2015"
"1361","2015","Yolo1","B4",5684,"Yolo1 2015"
"1419","2015","Yolo1","B1",5962,"Yolo1 2015"
"1419","2015","Yolo1","B2",6793,"Yolo1 2015"
"1419","2015","Yolo1","B3",5875,"Yolo1 2015"
"1419","2015","Yolo1","B4",5518,"Yolo1 2015"
"1424","2015","Yolo1","B1",3479,"Yolo1 2015"
"1424","2015","Yolo1","B2",3788,"Yolo1 2015"
"1424","2015","Yolo1","B3",2999,"Yolo1 2015"
"1424","2015","Yolo1","B4",4041,"Yolo1 2015"
"1478","2015","Yolo1","B1",7013,"Yolo1 2015"
"1478","2015","Yolo1","B2",7075,"Yolo1 2015"
"1478","2015","Yolo1","B3",6701,"Yolo1 2015"
"1478","2015","Yolo1","B4",5887,"Yolo1 2015"
"1495","2015","Yolo1","B1",6589,"Yolo1 2015"
"1495","2015","Yolo1","B2",6496,"Yolo1 2015"
"1495","2015","Yolo1","B3",6247,"Yolo1 2015"
"1495","2015","Yolo1","B4",6004,"Yolo1 2015"
"1521","2015","Yolo1","B1",6464,"Yolo1 2015"
"1521","2015","Yolo1","B2",7047,"Yolo1 2015"
"1521","2015","Yolo1","B3",6439,"Yolo1 2015"
"1521","2015","Yolo1","B4",6621,"Yolo1 2015"
"1522","2015","Yolo1","B1",6748,"Yolo1 2015"
"1522","2015","Yolo1","B2",6845,"Yolo1 2015"
"1522","2015","Yolo1","B3",6702,"Yolo1 2015"
"1522","2015","Yolo1","B4",7007,"Yolo1 2015"
"1526","2015","Yolo1","B1",5418,"Yolo1 2015"
"1526","2015","Yolo1","B2",6056,"Yolo1 2015"
"1526","2015","Yolo1","B3",5538,"Yolo1 2015"
"1526","2015","Yolo1","B4",5195,"Yolo1 2015"
"1550","2015","Yolo1","B1",3570,"Yolo1 2015"
"1550","2015","Yolo1","B2",4031,"Yolo1 2015"
"1550","2015","Yolo1","B3",3502,"Yolo1 2015"
"1550","2015","Yolo1","B4",4538,"Yolo1 2015"
"1590","2015","Yolo1","B1",5286,"Yolo1 2015"
"1590","2015","Yolo1","B2",5568,"Yolo1 2015"
"1590","2015","Yolo1","B3",5515,"Yolo1 2015"
"1590","2015","Yolo1","B4",5553,"Yolo1 2015"
"1608","2015","Yolo1","B1",5492,"Yolo1 2015"
"1608","2015","Yolo1","B2",6241,"Yolo1 2015"
"1608","2015","Yolo1","B3",5317,"Yolo1 2015"
"1608","2015","Yolo1","B4",5447,"Yolo1 2015"
"1657","2015","Yolo1","B1",7301,"Yolo1 2015"
"1657","2015","Yolo1","B2",6310,"Yolo1 2015"
"1657","2015","Yolo1","B3",6808,"Yolo1 2015"
"1657","2015","Yolo1","B4",6550,"Yolo1 2015"
"1658","2015","Yolo1","B1",6912,"Yolo1 2015"
"1658","2015","Yolo1","B2",6651,"Yolo1 2015"
"1658","2015","Yolo1","B3",7414,"Yolo1 2015"
"1658","2015","Yolo1","B4",6712,"Yolo1 2015"
"1660","2015","Yolo1","B1",6499,"Yolo1 2015"
"1660","2015","Yolo1","B2",6964,"Yolo1 2015"
"1660","2015","Yolo1","B3",6367,"Yolo1 2015"
"1660","2015","Yolo1","B4",6317,"Yolo1 2015"
"1667","2015","Yolo1","B1",4533,"Yolo1 2015"
"1667","2015","Yolo1","B2",4903,"Yolo1 2015"
"1667","2015","Yolo1","B3",4623,"Yolo1 2015"
"1667","2015","Yolo1","B4",5507,"Yolo1 2015"
"1680","2015","Yolo1","B1",6643,"Yolo1 2015"
"1680","2015","Yolo1","B2",6865,"Yolo1 2015"
"1680","2015","Yolo1","B3",6341,"Yolo1 2015"
"1680","2015","Yolo1","B4",6867,"Yolo1 2015"
"1688","2015","Yolo1","B1",7657,"Yolo1 2015"
"1688","2015","Yolo1","B2",8062,"Yolo1 2015"
"1688","2015","Yolo1","B3",7004,"Yolo1 2015"
"1688","2015","Yolo1","B4",5618,"Yolo1 2015"
"1723","2015","Yolo1","B1",7014,"Yolo1 2015"
"1723","2015","Yolo1","B2",8152,"Yolo1 2015"
"1723","2015","Yolo1","B3",7288,"Yolo1 2015"
"1723","2015","Yolo1","B4",6854,"Yolo1 2015"
"1728","2015","Yolo1","B1",5434,"Yolo1 2015"
"1728","2015","Yolo1","B2",6208,"Yolo1 2015"
"1728","2015","Yolo1","B3",6264,"Yolo1 2015"
"1728","2015","Yolo1","B4",5377,"Yolo1 2015"
"1729","2015","Yolo1","B1",6154,"Yolo1 2015"
"1729","2015","Yolo1","B2",5152,"Yolo1 2015"
"1729","2015","Yolo1","B3",6500,"Yolo1 2015"
"1729","2015","Yolo1","B4",5997,"Yolo1 2015"
"1730","2015","Yolo1","B1",6545,"Yolo1 2015"
"1730","2015","Yolo1","B2",6628,"Yolo1 2015"
"1730","2015","Yolo1","B3",6395,"Yolo1 2015"
"1730","2015","Yolo1","B4",6354,"Yolo1 2015"
"1731","2015","Yolo1","B1",6261,"Yolo1 2015"
"1731","2015","Yolo1","B2",5427,"Yolo1 2015"
"1731","2015","Yolo1","B3",5903,"Yolo1 2015"
"1731","2015","Yolo1","B4",6419,"Yolo1 2015"
"1745","2015","Yolo1","B1",6912,"Yolo1 2015"
"1745","2015","Yolo1","B2",6703,"Yolo1 2015"
"1745","2015","Yolo1","B3",6830,"Yolo1 2015"
"1745","2015","Yolo1","B4",6319,"Yolo1 2015"
"1748","2015","Yolo1","B1",6700,"Yolo1 2015"
"1748","2015","Yolo1","B2",6639,"Yolo1 2015"
"1748","2015","Yolo1","B3",6760,"Yolo1 2015"
"1748","2015","Yolo1","B4",5866,"Yolo1 2015"
"1749","2015","Yolo1","B1",6797,"Yolo1 2015"
"1749","2015","Yolo1","B2",6055,"Yolo1 2015"
"1749","2015","Yolo1","B3",7032,"Yolo1 2015"
"1749","2015","Yolo1","B4",6124,"Yolo1 2015"
"1750","2015","Yolo1","B1",5110,"Yolo1 2015"
"1750","2015","Yolo1","B2",6251,"Yolo1 2015"
"1750","2015","Yolo1","B3",5748,"Yolo1 2015"
"1750","2015","Yolo1","B4",5524,"Yolo1 2015"
"1751","2015","Yolo1","B1",6722,"Yolo1 2015"
"1751","2015","Yolo1","B2",5758,"Yolo1 2015"
"1751","2015","Yolo1","B3",6742,"Yolo1 2015"
"1751","2015","Yolo1","B4",6375,"Yolo1 2015"
"1766","2015","Yolo1","B1",8118,"Yolo1 2015"
"1766","2015","Yolo1","B2",7042,"Yolo1 2015"
"1766","2015","Yolo1","B3",6900,"Yolo1 2015"
"1766","2015","Yolo1","B4",7138,"Yolo1 2015"
"1767","2015","Yolo1","B1",6994,"Yolo1 2015"
"1767","2015","Yolo1","B2",6579,"Yolo1 2015"
"1767","2015","Yolo1","B3",7434,"Yolo1 2015"
"1767","2015","Yolo1","B4",6643,"Yolo1 2015"
"1772","2015","Yolo1","B1",6416,"Yolo1 2015"
"1772","2015","Yolo1","B2",6612,"Yolo1 2015"
"1772","2015","Yolo1","B3",6738,"Yolo1 2015"
"1772","2015","Yolo1","B4",5920,"Yolo1 2015"
"1773","2015","Yolo1","B1",6514,"Yolo1 2015"
"1773","2015","Yolo1","B2",6037,"Yolo1 2015"
"1773","2015","Yolo1","B3",6273,"Yolo1 2015"
"1773","2015","Yolo1","B4",6522,"Yolo1 2015"
"1778","2015","Yolo1","B1",6204,"Yolo1 2015"
"1778","2015","Yolo1","B2",6162,"Yolo1 2015"
"1778","2015","Yolo1","B3",6424,"Yolo1 2015"
"1778","2015","Yolo1","B4",6806,"Yolo1 2015"
"1779","2015","Yolo1","B1",4647,"Yolo1 2015"
"1779","2015","Yolo1","B2",5443,"Yolo1 2015"
"1779","2015","Yolo1","B3",5767,"Yolo1 2015"
"1779","2015","Yolo1","B4",5607,"Yolo1 2015"
"1789","2015","Yolo1","B1",5760,"Yolo1 2015"
"1789","2015","Yolo1","B2",7089,"Yolo1 2015"
"1789","2015","Yolo1","B3",6327,"Yolo1 2015"
"1789","2015","Yolo1","B4",6037,"Yolo1 2015"
"1790","2015","Yolo1","B1",6143,"Yolo1 2015"
"1790","2015","Yolo1","B2",6726,"Yolo1 2015"
"1790","2015","Yolo1","B3",6951,"Yolo1 2015"
"1790","2015","Yolo1","B4",6658,"Yolo1 2015"
"1791","2015","Yolo1","B1",6894,"Yolo1 2015"
"1791","2015","Yolo1","B2",6245,"Yolo1 2015"
"1791","2015","Yolo1","B3",6588,"Yolo1 2015"
"1791","2015","Yolo1","B4",6739,"Yolo1 2015"
"1792","2015","Yolo1","B1",6202,"Yolo1 2015"
"1792","2015","Yolo1","B2",6805,"Yolo1 2015"
"1792","2015","Yolo1","B3",6862,"Yolo1 2015"
"1792","2015","Yolo1","B4",5763,"Yolo1 2015"
"1793","2015","Yolo1","B1",5368,"Yolo1 2015"
"1793","2015","Yolo1","B2",5564,"Yolo1 2015"
"1793","2015","Yolo1","B3",5450,"Yolo1 2015"
"1793","2015","Yolo1","B4",4634,"Yolo1 2015"
"1794","2015","Yolo1","B1",6387,"Yolo1 2015"
"1794","2015","Yolo1","B2",6565,"Yolo1 2015"
"1794","2015","Yolo1","B3",7033,"Yolo1 2015"
"1794","2015","Yolo1","B4",6759,"Yolo1 2015"
"1795","2015","Yolo1","B1",6394,"Yolo1 2015"
"1795","2015","Yolo1","B2",6771,"Yolo1 2015"
"1795","2015","Yolo1","B3",6572,"Yolo1 2015"
"1795","2015","Yolo1","B4",6688,"Yolo1 2015"
"1802","2015","Yolo1","B1",7062,"Yolo1 2015"
"1802","2015","Yolo1","B2",8499,"Yolo1 2015"
"1802","2015","Yolo1","B3",8681,"Yolo1 2015"
"1802","2015","Yolo1","B4",8430,"Yolo1 2015"
"1803","2015","Yolo1","B1",5865,"Yolo1 2015"
"1803","2015","Yolo1","B2",5798,"Yolo1 2015"
"1803","2015","Yolo1","B3",5913,"Yolo1 2015"
"1803","2015","Yolo1","B4",6197,"Yolo1 2015"
"1804","2015","Yolo1","B1",5486,"Yolo1 2015"
"1804","2015","Yolo1","B2",5628,"Yolo1 2015"
"1804","2015","Yolo1","B3",5855,"Yolo1 2015"
"1804","2015","Yolo1","B4",5172,"Yolo1 2015"
"1805","2015","Yolo1","B1",6298,"Yolo1 2015"
"1805","2015","Yolo1","B2",6865,"Yolo1 2015"
"1805","2015","Yolo1","B3",7178,"Yolo1 2015"
"1805","2015","Yolo1","B4",6739,"Yolo1 2015"
"1806","2015","Yolo1","B1",7310,"Yolo1 2015"
"1806","2015","Yolo1","B2",7603,"Yolo1 2015"
"1806","2015","Yolo1","B3",7081,"Yolo1 2015"
"1806","2015","Yolo1","B4",7207,"Yolo1 2015"
"1807","2015","Yolo1","B1",5889,"Yolo1 2015"
"1807","2015","Yolo1","B2",7254,"Yolo1 2015"
"1807","2015","Yolo1","B3",6525,"Yolo1 2015"
"1807","2015","Yolo1","B4",6259,"Yolo1 2015"
"1808","2015","Yolo1","B1",4138,"Yolo1 2015"
"1808","2015","Yolo1","B2",4595,"Yolo1 2015"
"1808","2015","Yolo1","B3",3916,"Yolo1 2015"
"1808","2015","Yolo1","B4",4288,"Yolo1 2015"
"1478","2016","Yolo1","B1",6452,"Yolo1 2016"
"1478","2016","Yolo1","B2",6366,"Yolo1 2016"
"1478","2016","Yolo1","B3",4982,"Yolo1 2016"
"1478","2016","Yolo1","B4",6147,"Yolo1 2016"
"1495","2016","Yolo1","B1",6230,"Yolo1 2016"
"1495","2016","Yolo1","B2",5674,"Yolo1 2016"
"1495","2016","Yolo1","B3",5988,"Yolo1 2016"
"1495","2016","Yolo1","B4",6755,"Yolo1 2016"
"1521","2016","Yolo1","B1",6958,"Yolo1 2016"
"1521","2016","Yolo1","B2",7502,"Yolo1 2016"
"1521","2016","Yolo1","B3",7359,"Yolo1 2016"
"1521","2016","Yolo1","B4",5791,"Yolo1 2016"
"1522","2016","Yolo1","B1",7281,"Yolo1 2016"
"1522","2016","Yolo1","B2",6674,"Yolo1 2016"
"1522","2016","Yolo1","B3",7053,"Yolo1 2016"
"1522","2016","Yolo1","B4",7137,"Yolo1 2016"
"1550","2016","Yolo1","B1",5295,"Yolo1 2016"
"1550","2016","Yolo1","B2",5753,"Yolo1 2016"
"1550","2016","Yolo1","B3",5069,"Yolo1 2016"
"1550","2016","Yolo1","B4",5552,"Yolo1 2016"
"1590","2016","Yolo1","B1",6630,"Yolo1 2016"
"1590","2016","Yolo1","B2",5621,"Yolo1 2016"
"1590","2016","Yolo1","B3",6520,"Yolo1 2016"
"1590","2016","Yolo1","B4",8696,"Yolo1 2016"
"1608","2016","Yolo1","B1",5489,"Yolo1 2016"
"1608","2016","Yolo1","B2",6074,"Yolo1 2016"
"1608","2016","Yolo1","B3",6317,"Yolo1 2016"
"1608","2016","Yolo1","B4",4975,"Yolo1 2016"
"1650","2016","Yolo1","B1",5626,"Yolo1 2016"
"1650","2016","Yolo1","B2",6118,"Yolo1 2016"
"1650","2016","Yolo1","B3",6141,"Yolo1 2016"
"1650","2016","Yolo1","B4",5707,"Yolo1 2016"
"1657","2016","Yolo1","B2",6855,"Yolo1 2016"
"1657","2016","Yolo1","B3",5237,"Yolo1 2016"
"1657","2016","Yolo1","B4",6070,"Yolo1 2016"
"1658","2016","Yolo1","B1",7358,"Yolo1 2016"
"1658","2016","Yolo1","B2",6941,"Yolo1 2016"
"1658","2016","Yolo1","B3",7393,"Yolo1 2016"
"1658","2016","Yolo1","B4",7144,"Yolo1 2016"
"1660","2016","Yolo1","B1",6177,"Yolo1 2016"
"1660","2016","Yolo1","B2",6423,"Yolo1 2016"
"1660","2016","Yolo1","B3",5983,"Yolo1 2016"
"1660","2016","Yolo1","B4",5511,"Yolo1 2016"
"1667","2016","Yolo1","B1",3054,"Yolo1 2016"
"1667","2016","Yolo1","B2",2799,"Yolo1 2016"
"1667","2016","Yolo1","B3",2850,"Yolo1 2016"
"1680","2016","Yolo1","B1",6342,"Yolo1 2016"
"1680","2016","Yolo1","B2",6539,"Yolo1 2016"
"1680","2016","Yolo1","B3",7209,"Yolo1 2016"
"1680","2016","Yolo1","B4",6812,"Yolo1 2016"
"1723","2016","Yolo1","B1",7735,"Yolo1 2016"
"1723","2016","Yolo1","B2",7534,"Yolo1 2016"
"1723","2016","Yolo1","B3",6595,"Yolo1 2016"
"1723","2016","Yolo1","B4",7696,"Yolo1 2016"
"1728","2016","Yolo1","B1",7004,"Yolo1 2016"
"1728","2016","Yolo1","B2",6494,"Yolo1 2016"
"1728","2016","Yolo1","B3",6245,"Yolo1 2016"
"1728","2016","Yolo1","B4",6203,"Yolo1 2016"
"1730","2016","Yolo1","B1",6566,"Yolo1 2016"
"1730","2016","Yolo1","B2",6854,"Yolo1 2016"
"1730","2016","Yolo1","B3",5752,"Yolo1 2016"
"1730","2016","Yolo1","B4",6380,"Yolo1 2016"
"1731","2016","Yolo1","B1",4523,"Yolo1 2016"
"1731","2016","Yolo1","B2",6569,"Yolo1 2016"
"1731","2016","Yolo1","B3",5642,"Yolo1 2016"
"1731","2016","Yolo1","B4",5997,"Yolo1 2016"
"1743","2016","Yolo1","B1",13874,"Yolo1 2016"
"1743","2016","Yolo1","B2",7691,"Yolo1 2016"
"1743","2016","Yolo1","B3",7150,"Yolo1 2016"
"1743","2016","Yolo1","B4",7060,"Yolo1 2016"
"1745","2016","Yolo1","B1",6260,"Yolo1 2016"
"1745","2016","Yolo1","B2",6376,"Yolo1 2016"
"1745","2016","Yolo1","B3",6443,"Yolo1 2016"
"1745","2016","Yolo1","B4",7038,"Yolo1 2016"
"1748","2016","Yolo1","B1",7507,"Yolo1 2016"
"1748","2016","Yolo1","B2",7045,"Yolo1 2016"
"1748","2016","Yolo1","B3",6916,"Yolo1 2016"
"1748","2016","Yolo1","B4",6317,"Yolo1 2016"
"1749","2016","Yolo1","B1",6585,"Yolo1 2016"
"1749","2016","Yolo1","B2",6890,"Yolo1 2016"
"1749","2016","Yolo1","B3",8154,"Yolo1 2016"
"1749","2016","Yolo1","B4",6489,"Yolo1 2016"
"1750","2016","Yolo1","B1",7004,"Yolo1 2016"
"1750","2016","Yolo1","B2",11936,"Yolo1 2016"
"1750","2016","Yolo1","B3",6674,"Yolo1 2016"
"1750","2016","Yolo1","B4",6203,"Yolo1 2016"
"1751","2016","Yolo1","B1",5834,"Yolo1 2016"
"1751","2016","Yolo1","B2",4212,"Yolo1 2016"
"1751","2016","Yolo1","B3",6082,"Yolo1 2016"
"1751","2016","Yolo1","B4",6569,"Yolo1 2016"
"1766","2016","Yolo1","B1",4022,"Yolo1 2016"
"1766","2016","Yolo1","B2",4530,"Yolo1 2016"
"1766","2016","Yolo1","B3",3424,"Yolo1 2016"
"1766","2016","Yolo1","B4",2815,"Yolo1 2016"
"1778","2016","Yolo1","B1",5936,"Yolo1 2016"
"1778","2016","Yolo1","B2",7477,"Yolo1 2016"
"1778","2016","Yolo1","B3",7063,"Yolo1 2016"
"1778","2016","Yolo1","B4",6835,"Yolo1 2016"
"1802","2016","Yolo1","B1",8149,"Yolo1 2016"
"1802","2016","Yolo1","B2",7883,"Yolo1 2016"
"1802","2016","Yolo1","B3",7912,"Yolo1 2016"
"1802","2016","Yolo1","B4",7533,"Yolo1 2016"
"1807","2016","Yolo1","B1",6538,"Yolo1 2016"
"1807","2016","Yolo1","B2",5650,"Yolo1 2016"
"1807","2016","Yolo1","B3",5285,"Yolo1 2016"
"1807","2016","Yolo1","B4",4063,"Yolo1 2016"
"1814","2016","Yolo1","B1",7546,"Yolo1 2016"
"1814","2016","Yolo1","B2",6707,"Yolo1 2016"
"1814","2016","Yolo1","B3",6532,"Yolo1 2016"
"1814","2016","Yolo1","B4",10340,"Yolo1 2016"
"1815","2016","Yolo1","B1",7915,"Yolo1 2016"
"1815","2016","Yolo1","B2",7570,"Yolo1 2016"
"1815","2016","Yolo1","B3",8113,"Yolo1 2016"
"1815","2016","Yolo1","B4",7490,"Yolo1 2016"
"1816","2016","Yolo1","B1",7769,"Yolo1 2016"
"1816","2016","Yolo1","B2",7670,"Yolo1 2016"
"1816","2016","Yolo1","B3",7995,"Yolo1 2016"
"1816","2016","Yolo1","B4",6854,"Yolo1 2016"
"1817","2016","Yolo1","B1",7676,"Yolo1 2016"
"1817","2016","Yolo1","B2",7192,"Yolo1 2016"
"1817","2016","Yolo1","B3",7944,"Yolo1 2016"
"1817","2016","Yolo1","B4",6848,"Yolo1 2016"
"1818","2016","Yolo1","B1",6789,"Yolo1 2016"
"1818","2016","Yolo1","B2",6684,"Yolo1 2016"
"1818","2016","Yolo1","B3",6213,"Yolo1 2016"
"1818","2016","Yolo1","B4",5911,"Yolo1 2016"
"1819","2016","Yolo1","B1",7755,"Yolo1 2016"
"1819","2016","Yolo1","B2",7051,"Yolo1 2016"
"1819","2016","Yolo1","B3",6413,"Yolo1 2016"
"1819","2016","Yolo1","B4",5913,"Yolo1 2016"
"1820","2016","Yolo1","B1",7446,"Yolo1 2016"
"1820","2016","Yolo1","B2",6866,"Yolo1 2016"
"1820","2016","Yolo1","B3",6572,"Yolo1 2016"
"1820","2016","Yolo1","B4",6456,"Yolo1 2016"
"1821","2016","Yolo1","B1",6661,"Yolo1 2016"
"1821","2016","Yolo1","B2",7648,"Yolo1 2016"
"1821","2016","Yolo1","B3",7061,"Yolo1 2016"
"1821","2016","Yolo1","B4",6424,"Yolo1 2016"
"1828","2016","Yolo1","B1",7051,"Yolo1 2016"
"1828","2016","Yolo1","B2",6882,"Yolo1 2016"
"1828","2016","Yolo1","B3",6079,"Yolo1 2016"
"1828","2016","Yolo1","B4",5853,"Yolo1 2016"
"1829","2016","Yolo1","B1",5649,"Yolo1 2016"
"1829","2016","Yolo1","B2",5116,"Yolo1 2016"
"1829","2016","Yolo1","B3",6478,"Yolo1 2016"
"1829","2016","Yolo1","B4",5931,"Yolo1 2016"
"1830","2016","Yolo1","B1",7722,"Yolo1 2016"
"1830","2016","Yolo1","B2",6963,"Yolo1 2016"
"1830","2016","Yolo1","B3",7183,"Yolo1 2016"
"1830","2016","Yolo1","B4",6189,"Yolo1 2016"
"1831","2016","Yolo1","B1",7278,"Yolo1 2016"
"1831","2016","Yolo1","B2",7259,"Yolo1 2016"
"1831","2016","Yolo1","B3",6458,"Yolo1 2016"
"1831","2016","Yolo1","B4",6467,"Yolo1 2016"
"20","2016","Yolo1","B1",5421,"Yolo1 2016"
"20","2016","Yolo1","B2",4797,"Yolo1 2016"
"20","2016","Yolo1","B3",5711,"Yolo1 2016"
"20","2016","Yolo1","B4",4690,"Yolo1 2016"
"112","2017","Yolo1","B1",5317,"Yolo1 2017"
"112","2017","Yolo1","B2",5102,"Yolo1 2017"
"112","2017","Yolo1","B3",8035,"Yolo1 2017"
"112","2017","Yolo1","B4",7807,"Yolo1 2017"
"1478","2017","Yolo1","B1",9010,"Yolo1 2017"
"1478","2017","Yolo1","B2",8629,"Yolo1 2017"
"1478","2017","Yolo1","B3",8890,"Yolo1 2017"
"1478","2017","Yolo1","B4",8667,"Yolo1 2017"
"1495","2017","Yolo1","B1",7996,"Yolo1 2017"
"1495","2017","Yolo1","B2",7571,"Yolo1 2017"
"1495","2017","Yolo1","B3",8120,"Yolo1 2017"
"1495","2017","Yolo1","B4",8616,"Yolo1 2017"
"1521","2017","Yolo1","B1",9250,"Yolo1 2017"
"1521","2017","Yolo1","B2",8580,"Yolo1 2017"
"1521","2017","Yolo1","B3",12651,"Yolo1 2017"
"1521","2017","Yolo1","B4",8841,"Yolo1 2017"
"1522","2017","Yolo1","B1",9236,"Yolo1 2017"
"1522","2017","Yolo1","B2",9070,"Yolo1 2017"
"1522","2017","Yolo1","B3",8816,"Yolo1 2017"
"1522","2017","Yolo1","B4",9035,"Yolo1 2017"
"1590","2017","Yolo1","B1",8554,"Yolo1 2017"
"1590","2017","Yolo1","B2",8953,"Yolo1 2017"
"1590","2017","Yolo1","B3",8920,"Yolo1 2017"
"1590","2017","Yolo1","B4",8812,"Yolo1 2017"
"1608","2017","Yolo1","B1",7255,"Yolo1 2017"
"1608","2017","Yolo1","B2",7943,"Yolo1 2017"
"1608","2017","Yolo1","B3",8222,"Yolo1 2017"
"1608","2017","Yolo1","B4",7499,"Yolo1 2017"
"1657","2017","Yolo1","B1",10101,"Yolo1 2017"
"1657","2017","Yolo1","B2",8723,"Yolo1 2017"
"1657","2017","Yolo1","B3",9547,"Yolo1 2017"
"1657","2017","Yolo1","B4",8947,"Yolo1 2017"
"1658","2017","Yolo1","B1",9510,"Yolo1 2017"
"1658","2017","Yolo1","B2",9346,"Yolo1 2017"
"1658","2017","Yolo1","B3",8969,"Yolo1 2017"
"1658","2017","Yolo1","B4",9314,"Yolo1 2017"
"1660","2017","Yolo1","B1",8663,"Yolo1 2017"
"1660","2017","Yolo1","B2",8229,"Yolo1 2017"
"1660","2017","Yolo1","B3",8361,"Yolo1 2017"
"1660","2017","Yolo1","B4",8380,"Yolo1 2017"
"1667","2017","Yolo1","B1",3140,"Yolo1 2017"
"1667","2017","Yolo1","B2",6274,"Yolo1 2017"
"1667","2017","Yolo1","B3",7253,"Yolo1 2017"
"1667","2017","Yolo1","B4",6546,"Yolo1 2017"
"1680","2017","Yolo1","B1",9051,"Yolo1 2017"
"1680","2017","Yolo1","B2",8497,"Yolo1 2017"
"1680","2017","Yolo1","B3",8535,"Yolo1 2017"
"1680","2017","Yolo1","B4",8981,"Yolo1 2017"
"1688","2017","Yolo1","B1",7254,"Yolo1 2017"
"1688","2017","Yolo1","B2",8833,"Yolo1 2017"
"1688","2017","Yolo1","B3",10246,"Yolo1 2017"
"1688","2017","Yolo1","B4",10325,"Yolo1 2017"
"1723","2017","Yolo1","B1",9646,"Yolo1 2017"
"1723","2017","Yolo1","B2",10910,"Yolo1 2017"
"1723","2017","Yolo1","B3",9386,"Yolo1 2017"
"1723","2017","Yolo1","B4",9982,"Yolo1 2017"
"1728","2017","Yolo1","B1",7601,"Yolo1 2017"
"1728","2017","Yolo1","B2",7209,"Yolo1 2017"
"1728","2017","Yolo1","B3",7689,"Yolo1 2017"
"1728","2017","Yolo1","B4",8101,"Yolo1 2017"
"1730","2017","Yolo1","B1",8371,"Yolo1 2017"
"1730","2017","Yolo1","B2",8075,"Yolo1 2017"
"1730","2017","Yolo1","B3",8268,"Yolo1 2017"
"1730","2017","Yolo1","B4",7617,"Yolo1 2017"
"1731","2017","Yolo1","B1",7933,"Yolo1 2017"
"1731","2017","Yolo1","B2",8107,"Yolo1 2017"
"1731","2017","Yolo1","B3",8462,"Yolo1 2017"
"1731","2017","Yolo1","B4",7763,"Yolo1 2017"
"1743","2017","Yolo1","B1",8841,"Yolo1 2017"
"1743","2017","Yolo1","B2",9141,"Yolo1 2017"
"1743","2017","Yolo1","B3",9186,"Yolo1 2017"
"1743","2017","Yolo1","B4",8997,"Yolo1 2017"
"1745","2017","Yolo1","B1",8101,"Yolo1 2017"
"1745","2017","Yolo1","B2",8624,"Yolo1 2017"
"1745","2017","Yolo1","B3",8082,"Yolo1 2017"
"1745","2017","Yolo1","B4",8282,"Yolo1 2017"
"1748","2017","Yolo1","B1",9204,"Yolo1 2017"
"1748","2017","Yolo1","B2",8752,"Yolo1 2017"
"1748","2017","Yolo1","B3",8647,"Yolo1 2017"
"1748","2017","Yolo1","B4",8631,"Yolo1 2017"
"1751","2017","Yolo1","B1",8991,"Yolo1 2017"
"1751","2017","Yolo1","B2",8709,"Yolo1 2017"
"1751","2017","Yolo1","B3",9063,"Yolo1 2017"
"1751","2017","Yolo1","B4",8399,"Yolo1 2017"
"1766","2017","Yolo1","B1",8566,"Yolo1 2017"
"1766","2017","Yolo1","B2",8446,"Yolo1 2017"
"1766","2017","Yolo1","B3",8835,"Yolo1 2017"
"1766","2017","Yolo1","B4",8291,"Yolo1 2017"
"1778","2017","Yolo1","B1",8625,"Yolo1 2017"
"1778","2017","Yolo1","B2",8679,"Yolo1 2017"
"1778","2017","Yolo1","B3",8138,"Yolo1 2017"
"1778","2017","Yolo1","B4",7616,"Yolo1 2017"
"1802","2017","Yolo1","B1",8523,"Yolo1 2017"
"1802","2017","Yolo1","B2",9807,"Yolo1 2017"
"1802","2017","Yolo1","B3",9945,"Yolo1 2017"
"1802","2017","Yolo1","B4",9499,"Yolo1 2017"
"1815","2017","Yolo1","B1",9601,"Yolo1 2017"
"1815","2017","Yolo1","B2",9371,"Yolo1 2017"
"1815","2017","Yolo1","B3",8451,"Yolo1 2017"
"1815","2017","Yolo1","B4",9402,"Yolo1 2017"
"1817","2017","Yolo1","B1",9106,"Yolo1 2017"
"1817","2017","Yolo1","B2",9020,"Yolo1 2017"
"1817","2017","Yolo1","B3",8841,"Yolo1 2017"
"1817","2017","Yolo1","B4",9531,"Yolo1 2017"
"1819","2017","Yolo1","B1",9425,"Yolo1 2017"
"1819","2017","Yolo1","B2",9314,"Yolo1 2017"
"1819","2017","Yolo1","B3",8855,"Yolo1 2017"
"1819","2017","Yolo1","B4",8844,"Yolo1 2017"
"1828","2017","Yolo1","B1",9049,"Yolo1 2017"
"1828","2017","Yolo1","B2",9096,"Yolo1 2017"
"1828","2017","Yolo1","B3",7947,"Yolo1 2017"
"1828","2017","Yolo1","B4",8554,"Yolo1 2017"
"1830","2017","Yolo1","B1",9235,"Yolo1 2017"
"1830","2017","Yolo1","B2",9081,"Yolo1 2017"
"1830","2017","Yolo1","B3",9220,"Yolo1 2017"
"1830","2017","Yolo1","B4",9359,"Yolo1 2017"
"1831","2017","Yolo1","B1",8762,"Yolo1 2017"
"1831","2017","Yolo1","B2",7764,"Yolo1 2017"
"1831","2017","Yolo1","B3",8603,"Yolo1 2017"
"1831","2017","Yolo1","B4",8802,"Yolo1 2017"
"1834","2017","Yolo1","B1",8627,"Yolo1 2017"
"1834","2017","Yolo1","B2",8778,"Yolo1 2017"
"1834","2017","Yolo1","B3",8282,"Yolo1 2017"
"1834","2017","Yolo1","B4",8697,"Yolo1 2017"
"1835","2017","Yolo1","B1",8833,"Yolo1 2017"
"1835","2017","Yolo1","B2",9186,"Yolo1 2017"
"1835","2017","Yolo1","B3",8457,"Yolo1 2017"
"1835","2017","Yolo1","B4",8497,"Yolo1 2017"
"1836","2017","Yolo1","B1",7824,"Yolo1 2017"
"1836","2017","Yolo1","B2",8117,"Yolo1 2017"
"1836","2017","Yolo1","B3",7746,"Yolo1 2017"
"1836","2017","Yolo1","B4",7176,"Yolo1 2017"
"1837","2017","Yolo1","B1",7677,"Yolo1 2017"
"1837","2017","Yolo1","B2",7867,"Yolo1 2017"
"1837","2017","Yolo1","B3",8347,"Yolo1 2017"
"1837","2017","Yolo1","B4",7757,"Yolo1 2017"
"1838","2017","Yolo1","B1",9046,"Yolo1 2017"
"1838","2017","Yolo1","B2",9010,"Yolo1 2017"
"1838","2017","Yolo1","B3",8317,"Yolo1 2017"
"1838","2017","Yolo1","B4",9671,"Yolo1 2017"
"1839","2017","Yolo1","B1",8856,"Yolo1 2017"
"1839","2017","Yolo1","B2",8351,"Yolo1 2017"
"1839","2017","Yolo1","B3",9131,"Yolo1 2017"
"1839","2017","Yolo1","B4",8394,"Yolo1 2017"
"1840","2017","Yolo1","B1",8873,"Yolo1 2017"
"1840","2017","Yolo1","B2",9250,"Yolo1 2017"
"1840","2017","Yolo1","B3",9129,"Yolo1 2017"
"1840","2017","Yolo1","B4",8817,"Yolo1 2017"
"1841","2017","Yolo1","B1",9048,"Yolo1 2017"
"1841","2017","Yolo1","B2",9384,"Yolo1 2017"
"1841","2017","Yolo1","B3",9287,"Yolo1 2017"
"1841","2017","Yolo1","B4",8195,"Yolo1 2017"
"1842","2017","Yolo1","B1",10088,"Yolo1 2017"
"1842","2017","Yolo1","B2",10154,"Yolo1 2017"
"1842","2017","Yolo1","B3",9486,"Yolo1 2017"
"1842","2017","Yolo1","B4",9804,"Yolo1 2017"
"1843","2017","Yolo1","B1",9719,"Yolo1 2017"
"1843","2017","Yolo1","B2",10056,"Yolo1 2017"
"1843","2017","Yolo1","B3",9516,"Yolo1 2017"
"1843","2017","Yolo1","B4",10253,"Yolo1 2017"
"1844","2017","Yolo1","B1",10098,"Yolo1 2017"
"1844","2017","Yolo1","B2",9618,"Yolo1 2017"
"1844","2017","Yolo1","B3",9920,"Yolo1 2017"
"1844","2017","Yolo1","B4",10112,"Yolo1 2017"
"1845","2017","Yolo1","B1",10122,"Yolo1 2017"
"1845","2017","Yolo1","B2",10700,"Yolo1 2017"
"1845","2017","Yolo1","B3",9266,"Yolo1 2017"
"1845","2017","Yolo1","B4",9500,"Yolo1 2017"
"1846","2017","Yolo1","B1",9812,"Yolo1 2017"
"1846","2017","Yolo1","B2",10039,"Yolo1 2017"
"1846","2017","Yolo1","B3",10488,"Yolo1 2017"
"1846","2017","Yolo1","B4",9988,"Yolo1 2017"
"1847","2017","Yolo1","B1",9204,"Yolo1 2017"
"1847","2017","Yolo1","B2",9978,"Yolo1 2017"
"1847","2017","Yolo1","B3",9406,"Yolo1 2017"
"1847","2017","Yolo1","B4",10045,"Yolo1 2017"
"20","2017","Yolo1","B1",7701,"Yolo1 2017"
"20","2017","Yolo1","B2",7326,"Yolo1 2017"
"20","2017","Yolo1","B3",8138,"Yolo1 2017"
"20","2017","Yolo1","B4",7156,"Yolo1 2017"
"1340","2015","Delta","B1",3135,"Delta 2015"
"1340","2015","Delta","B2",4026,"Delta 2015"
"1340","2015","Delta","B3",4566,"Delta 2015"
"1361","2015","Delta","B1",4568,"Delta 2015"
"1361","2015","Delta","B2",6659,"Delta 2015"
"1361","2015","Delta","B3",8512,"Delta 2015"
"1419","2015","Delta","B1",7407,"Delta 2015"
"1419","2015","Delta","B2",6123,"Delta 2015"
"1419","2015","Delta","B3",6377,"Delta 2015"
"1424","2015","Delta","B1",1443,"Delta 2015"
"1424","2015","Delta","B2",3492,"Delta 2015"
"1424","2015","Delta","B3",4338,"Delta 2015"
"1478","2015","Delta","B1",4025,"Delta 2015"
"1478","2015","Delta","B2",6330,"Delta 2015"
"1478","2015","Delta","B3",5929,"Delta 2015"
"1495","2015","Delta","B1",8564,"Delta 2015"
"1495","2015","Delta","B2",9320,"Delta 2015"
"1495","2015","Delta","B3",8863,"Delta 2015"
"1521","2015","Delta","B1",6219,"Delta 2015"
"1521","2015","Delta","B2",8451,"Delta 2015"
"1521","2015","Delta","B3",8987,"Delta 2015"
"1522","2015","Delta","B1",7169,"Delta 2015"
"1522","2015","Delta","B2",6481,"Delta 2015"
"1522","2015","Delta","B3",8809,"Delta 2015"
"1526","2015","Delta","B1",6295,"Delta 2015"
"1526","2015","Delta","B2",7443,"Delta 2015"
"1526","2015","Delta","B3",6187,"Delta 2015"
"1550","2015","Delta","B1",1909,"Delta 2015"
"1550","2015","Delta","B2",2693,"Delta 2015"
"1550","2015","Delta","B3",3593,"Delta 2015"
"1590","2015","Delta","B1",10355,"Delta 2015"
"1590","2015","Delta","B2",7431,"Delta 2015"
"1590","2015","Delta","B3",9208,"Delta 2015"
"1608","2015","Delta","B1",5927,"Delta 2015"
"1608","2015","Delta","B2",5398,"Delta 2015"
"1608","2015","Delta","B3",6584,"Delta 2015"
"1657","2015","Delta","B1",9686,"Delta 2015"
"1657","2015","Delta","B2",7561,"Delta 2015"
"1657","2015","Delta","B3",10707,"Delta 2015"
"1658","2015","Delta","B1",5598,"Delta 2015"
"1658","2015","Delta","B2",8101,"Delta 2015"
"1658","2015","Delta","B3",9311,"Delta 2015"
"1660","2015","Delta","B1",4894,"Delta 2015"
"1660","2015","Delta","B2",8415,"Delta 2015"
"1660","2015","Delta","B3",9657,"Delta 2015"
"1667","2015","Delta","B1",4126,"Delta 2015"
"1667","2015","Delta","B2",5053,"Delta 2015"
"1667","2015","Delta","B3",6389,"Delta 2015"
"1680","2015","Delta","B1",6703,"Delta 2015"
"1680","2015","Delta","B2",7464,"Delta 2015"
"1680","2015","Delta","B3",10076,"Delta 2015"
"1688","2015","Delta","B1",10085,"Delta 2015"
"1688","2015","Delta","B2",9796,"Delta 2015"
"1688","2015","Delta","B3",8537,"Delta 2015"
"1723","2015","Delta","B1",8015,"Delta 2015"
"1723","2015","Delta","B2",9648,"Delta 2015"
"1723","2015","Delta","B3",9021,"Delta 2015"
"1728","2015","Delta","B1",4076,"Delta 2015"
"1728","2015","Delta","B2",6578,"Delta 2015"
"1728","2015","Delta","B3",6338,"Delta 2015"
"1729","2015","Delta","B1",3512,"Delta 2015"
"1729","2015","Delta","B2",6435,"Delta 2015"
"1729","2015","Delta","B3",6218,"Delta 2015"
"1730","2015","Delta","B1",6316,"Delta 2015"
"1730","2015","Delta","B2",8627,"Delta 2015"
"1730","2015","Delta","B3",10829,"Delta 2015"
"1731","2015","Delta","B1",5001,"Delta 2015"
"1731","2015","Delta","B2",4527,"Delta 2015"
"1731","2015","Delta","B3",8377,"Delta 2015"
"1745","2015","Delta","B1",7566,"Delta 2015"
"1745","2015","Delta","B2",11214,"Delta 2015"
"1745","2015","Delta","B3",11214,"Delta 2015"
"1748","2015","Delta","B1",3201,"Delta 2015"
"1748","2015","Delta","B2",5868,"Delta 2015"
"1748","2015","Delta","B3",6057,"Delta 2015"
"1749","2015","Delta","B1",7441,"Delta 2015"
"1749","2015","Delta","B2",10668,"Delta 2015"
"1749","2015","Delta","B3",10324,"Delta 2015"
"1750","2015","Delta","B1",3191,"Delta 2015"
"1750","2015","Delta","B2",8088,"Delta 2015"
"1750","2015","Delta","B3",7092,"Delta 2015"
"1751","2015","Delta","B1",5480,"Delta 2015"
"1751","2015","Delta","B2",5403,"Delta 2015"
"1751","2015","Delta","B3",7580,"Delta 2015"
"1766","2015","Delta","B1",3398,"Delta 2015"
"1766","2015","Delta","B2",3729,"Delta 2015"
"1766","2015","Delta","B3",4205,"Delta 2015"
"1767","2015","Delta","B1",6983,"Delta 2015"
"1767","2015","Delta","B2",8612,"Delta 2015"
"1767","2015","Delta","B3",6828,"Delta 2015"
"1772","2015","Delta","B1",7665,"Delta 2015"
"1772","2015","Delta","B2",6884,"Delta 2015"
"1772","2015","Delta","B3",7837,"Delta 2015"
"1773","2015","Delta","B1",7491,"Delta 2015"
"1773","2015","Delta","B2",5542,"Delta 2015"
"1773","2015","Delta","B3",7859,"Delta 2015"
"1778","2015","Delta","B1",10585,"Delta 2015"
"1778","2015","Delta","B2",7534,"Delta 2015"
"1778","2015","Delta","B3",6300,"Delta 2015"
"1779","2015","Delta","B1",4562,"Delta 2015"
"1779","2015","Delta","B2",7234,"Delta 2015"
"1779","2015","Delta","B3",6059,"Delta 2015"
"1789","2015","Delta","B1",8128,"Delta 2015"
"1789","2015","Delta","B2",7667,"Delta 2015"
"1789","2015","Delta","B3",6866,"Delta 2015"
"1790","2015","Delta","B1",7796,"Delta 2015"
"1790","2015","Delta","B2",6049,"Delta 2015"
"1790","2015","Delta","B3",9045,"Delta 2015"
"1791","2015","Delta","B1",4647,"Delta 2015"
"1791","2015","Delta","B2",5812,"Delta 2015"
"1791","2015","Delta","B3",9941,"Delta 2015"
"1792","2015","Delta","B1",5273,"Delta 2015"
"1792","2015","Delta","B2",6518,"Delta 2015"
"1792","2015","Delta","B3",7292,"Delta 2015"
"1793","2015","Delta","B1",5306,"Delta 2015"
"1793","2015","Delta","B2",7771,"Delta 2015"
"1793","2015","Delta","B3",6772,"Delta 2015"
"1794","2015","Delta","B1",8776,"Delta 2015"
"1794","2015","Delta","B2",8141,"Delta 2015"
"1794","2015","Delta","B3",8908,"Delta 2015"
"1795","2015","Delta","B1",4672,"Delta 2015"
"1795","2015","Delta","B2",5680,"Delta 2015"
"1795","2015","Delta","B3",7992,"Delta 2015"
"1802","2015","Delta","B1",8896,"Delta 2015"
"1802","2015","Delta","B2",10176,"Delta 2015"
"1802","2015","Delta","B3",11813,"Delta 2015"
"1803","2015","Delta","B1",8557,"Delta 2015"
"1803","2015","Delta","B2",5818,"Delta 2015"
"1803","2015","Delta","B3",8900,"Delta 2015"
"1804","2015","Delta","B1",7437,"Delta 2015"
"1804","2015","Delta","B2",7963,"Delta 2015"
"1804","2015","Delta","B3",9873,"Delta 2015"
"1805","2015","Delta","B1",7336,"Delta 2015"
"1805","2015","Delta","B2",8357,"Delta 2015"
"1805","2015","Delta","B3",9732,"Delta 2015"
"1806","2015","Delta","B1",8184,"Delta 2015"
"1806","2015","Delta","B2",9349,"Delta 2015"
"1806","2015","Delta","B3",7311,"Delta 2015"
"1807","2015","Delta","B1",7555,"Delta 2015"
"1807","2015","Delta","B2",8761,"Delta 2015"
"1807","2015","Delta","B3",10946,"Delta 2015"
"1808","2015","Delta","B1",5970,"Delta 2015"
"1808","2015","Delta","B2",5448,"Delta 2015"
"1808","2015","Delta","B3",5350,"Delta 2015"
"1340","2015","Imperial","B1",5563,"Imperial 2015"
"1340","2015","Imperial","B2",5219,"Imperial 2015"
"1340","2015","Imperial","B3",6197,"Imperial 2015"
"1340","2015","Imperial","B4",6093,"Imperial 2015"
"1361","2015","Imperial","B1",5987,"Imperial 2015"
"1361","2015","Imperial","B2",5738,"Imperial 2015"
"1361","2015","Imperial","B3",5656,"Imperial 2015"
"1361","2015","Imperial","B4",6538,"Imperial 2015"
"1419","2015","Imperial","B1",7171,"Imperial 2015"
"1419","2015","Imperial","B2",7080,"Imperial 2015"
"1419","2015","Imperial","B3",7384,"Imperial 2015"
"1419","2015","Imperial","B4",6967,"Imperial 2015"
"1424","2015","Imperial","B1",6009,"Imperial 2015"
"1424","2015","Imperial","B2",6579,"Imperial 2015"
"1424","2015","Imperial","B3",7120,"Imperial 2015"
"1424","2015","Imperial","B4",6492,"Imperial 2015"
"1478","2015","Imperial","B1",7091,"Imperial 2015"
"1478","2015","Imperial","B2",6282,"Imperial 2015"
"1478","2015","Imperial","B3",6305,"Imperial 2015"
"1478","2015","Imperial","B4",6818,"Imperial 2015"
"1495","2015","Imperial","B1",7100,"Imperial 2015"
"1495","2015","Imperial","B2",6920,"Imperial 2015"
"1495","2015","Imperial","B3",6815,"Imperial 2015"
"1495","2015","Imperial","B4",7593,"Imperial 2015"
"1521","2015","Imperial","B1",7439,"Imperial 2015"
"1521","2015","Imperial","B2",7013,"Imperial 2015"
"1521","2015","Imperial","B3",805,"Imperial 2015"
"1521","2015","Imperial","B4",6956,"Imperial 2015"
"1522","2015","Imperial","B1",6876,"Imperial 2015"
"1522","2015","Imperial","B2",6833,"Imperial 2015"
"1522","2015","Imperial","B3",6765,"Imperial 2015"
"1522","2015","Imperial","B4",6904,"Imperial 2015"
"1526","2015","Imperial","B1",7554,"Imperial 2015"
"1526","2015","Imperial","B2",7400,"Imperial 2015"
"1526","2015","Imperial","B3",7771,"Imperial 2015"
"1526","2015","Imperial","B4",7587,"Imperial 2015"
"1550","2015","Imperial","B1",4984,"Imperial 2015"
"1550","2015","Imperial","B2",5350,"Imperial 2015"
"1550","2015","Imperial","B3",4756,"Imperial 2015"
"1550","2015","Imperial","B4",5120,"Imperial 2015"
"1590","2015","Imperial","B1",7513,"Imperial 2015"
"1590","2015","Imperial","B2",7104,"Imperial 2015"
"1590","2015","Imperial","B3",7531,"Imperial 2015"
"1590","2015","Imperial","B4",7135,"Imperial 2015"
"1608","2015","Imperial","B1",6127,"Imperial 2015"
"1608","2015","Imperial","B2",6617,"Imperial 2015"
"1608","2015","Imperial","B3",6265,"Imperial 2015"
"1608","2015","Imperial","B4",6638,"Imperial 2015"
"1657","2015","Imperial","B1",7552,"Imperial 2015"
"1657","2015","Imperial","B2",7034,"Imperial 2015"
"1657","2015","Imperial","B3",6675,"Imperial 2015"
"1657","2015","Imperial","B4",6309,"Imperial 2015"
"1658","2015","Imperial","B1",7952,"Imperial 2015"
"1658","2015","Imperial","B2",8539,"Imperial 2015"
"1658","2015","Imperial","B3",7069,"Imperial 2015"
"1658","2015","Imperial","B4",7423,"Imperial 2015"
"1660","2015","Imperial","B1",7028,"Imperial 2015"
"1660","2015","Imperial","B2",6900,"Imperial 2015"
"1660","2015","Imperial","B3",6237,"Imperial 2015"
"1660","2015","Imperial","B4",6170,"Imperial 2015"
"1667","2015","Imperial","B1",5979,"Imperial 2015"
"1667","2015","Imperial","B2",5148,"Imperial 2015"
"1667","2015","Imperial","B3",5700,"Imperial 2015"
"1667","2015","Imperial","B4",6125,"Imperial 2015"
"1680","2015","Imperial","B1",7219,"Imperial 2015"
"1680","2015","Imperial","B2",6535,"Imperial 2015"
"1680","2015","Imperial","B3",6433,"Imperial 2015"
"1680","2015","Imperial","B4",7363,"Imperial 2015"
"1688","2015","Imperial","B1",6173,"Imperial 2015"
"1688","2015","Imperial","B2",6895,"Imperial 2015"
"1688","2015","Imperial","B3",6846,"Imperial 2015"
"1688","2015","Imperial","B4",5935,"Imperial 2015"
"1723","2015","Imperial","B1",7268,"Imperial 2015"
"1723","2015","Imperial","B2",6939,"Imperial 2015"
"1723","2015","Imperial","B3",7166,"Imperial 2015"
"1723","2015","Imperial","B4",7410,"Imperial 2015"
"1728","2015","Imperial","B1",5121,"Imperial 2015"
"1728","2015","Imperial","B2",5232,"Imperial 2015"
"1728","2015","Imperial","B3",5063,"Imperial 2015"
"1728","2015","Imperial","B4",6079,"Imperial 2015"
"1729","2015","Imperial","B1",6144,"Imperial 2015"
"1729","2015","Imperial","B2",6444,"Imperial 2015"
"1729","2015","Imperial","B3",6850,"Imperial 2015"
"1729","2015","Imperial","B4",5673,"Imperial 2015"
"1730","2015","Imperial","B1",7491,"Imperial 2015"
"1730","2015","Imperial","B2",7293,"Imperial 2015"
"1730","2015","Imperial","B3",7396,"Imperial 2015"
"1730","2015","Imperial","B4",6750,"Imperial 2015"
"1731","2015","Imperial","B1",7094,"Imperial 2015"
"1731","2015","Imperial","B2",6596,"Imperial 2015"
"1731","2015","Imperial","B3",6603,"Imperial 2015"
"1731","2015","Imperial","B4",6869,"Imperial 2015"
"1745","2015","Imperial","B1",7141,"Imperial 2015"
"1745","2015","Imperial","B2",7705,"Imperial 2015"
"1745","2015","Imperial","B3",5810,"Imperial 2015"
"1745","2015","Imperial","B4",6308,"Imperial 2015"
"1748","2015","Imperial","B1",6872,"Imperial 2015"
"1748","2015","Imperial","B2",6873,"Imperial 2015"
"1748","2015","Imperial","B3",6560,"Imperial 2015"
"1748","2015","Imperial","B4",6802,"Imperial 2015"
"1749","2015","Imperial","B1",7446,"Imperial 2015"
"1749","2015","Imperial","B2",7142,"Imperial 2015"
"1749","2015","Imperial","B3",7703,"Imperial 2015"
"1749","2015","Imperial","B4",7648,"Imperial 2015"
"1750","2015","Imperial","B1",7183,"Imperial 2015"
"1750","2015","Imperial","B2",6776,"Imperial 2015"
"1750","2015","Imperial","B3",6967,"Imperial 2015"
"1750","2015","Imperial","B4",7200,"Imperial 2015"
"1751","2015","Imperial","B1",7099,"Imperial 2015"
"1751","2015","Imperial","B2",7681,"Imperial 2015"
"1751","2015","Imperial","B3",7182,"Imperial 2015"
"1751","2015","Imperial","B4",7456,"Imperial 2015"
"1766","2015","Imperial","B1",7896,"Imperial 2015"
"1766","2015","Imperial","B2",7034,"Imperial 2015"
"1766","2015","Imperial","B3",7983,"Imperial 2015"
"1766","2015","Imperial","B4",6956,"Imperial 2015"
"1767","2015","Imperial","B1",8405,"Imperial 2015"
"1767","2015","Imperial","B2",7574,"Imperial 2015"
"1767","2015","Imperial","B3",7796,"Imperial 2015"
"1767","2015","Imperial","B4",7305,"Imperial 2015"
"1772","2015","Imperial","B1",7983,"Imperial 2015"
"1772","2015","Imperial","B2",7543,"Imperial 2015"
"1772","2015","Imperial","B3",7532,"Imperial 2015"
"1772","2015","Imperial","B4",6947,"Imperial 2015"
"1773","2015","Imperial","B1",7786,"Imperial 2015"
"1773","2015","Imperial","B2",7008,"Imperial 2015"
"1773","2015","Imperial","B3",7484,"Imperial 2015"
"1773","2015","Imperial","B4",7426,"Imperial 2015"
"1778","2015","Imperial","B1",6662,"Imperial 2015"
"1778","2015","Imperial","B2",7668,"Imperial 2015"
"1778","2015","Imperial","B3",6991,"Imperial 2015"
"1778","2015","Imperial","B4",7164,"Imperial 2015"
"1779","2015","Imperial","B1",5816,"Imperial 2015"
"1779","2015","Imperial","B2",4584,"Imperial 2015"
"1779","2015","Imperial","B3",5669,"Imperial 2015"
"1779","2015","Imperial","B4",5593,"Imperial 2015"
"1789","2015","Imperial","B1",6556,"Imperial 2015"
"1789","2015","Imperial","B2",6482,"Imperial 2015"
"1789","2015","Imperial","B3",7199,"Imperial 2015"
"1789","2015","Imperial","B4",6821,"Imperial 2015"
"1790","2015","Imperial","B1",6241,"Imperial 2015"
"1790","2015","Imperial","B2",6402,"Imperial 2015"
"1790","2015","Imperial","B3",6705,"Imperial 2015"
"1790","2015","Imperial","B4",7048,"Imperial 2015"
"1791","2015","Imperial","B1",6941,"Imperial 2015"
"1791","2015","Imperial","B2",7142,"Imperial 2015"
"1791","2015","Imperial","B3",7157,"Imperial 2015"
"1791","2015","Imperial","B4",6887,"Imperial 2015"
"1792","2015","Imperial","B1",6682,"Imperial 2015"
"1792","2015","Imperial","B2",6330,"Imperial 2015"
"1792","2015","Imperial","B3",6497,"Imperial 2015"
"1792","2015","Imperial","B4",6447,"Imperial 2015"
"1793","2015","Imperial","B1",6398,"Imperial 2015"
"1793","2015","Imperial","B2",5821,"Imperial 2015"
"1793","2015","Imperial","B3",5618,"Imperial 2015"
"1793","2015","Imperial","B4",6494,"Imperial 2015"
"1794","2015","Imperial","B1",7123,"Imperial 2015"
"1794","2015","Imperial","B2",6887,"Imperial 2015"
"1794","2015","Imperial","B3",7305,"Imperial 2015"
"1794","2015","Imperial","B4",6808,"Imperial 2015"
"1795","2015","Imperial","B1",7209,"Imperial 2015"
"1795","2015","Imperial","B2",7711,"Imperial 2015"
"1795","2015","Imperial","B3",7394,"Imperial 2015"
"1795","2015","Imperial","B4",7386,"Imperial 2015"
"1802","2015","Imperial","B1",7232,"Imperial 2015"
"1802","2015","Imperial","B2",7864,"Imperial 2015"
"1802","2015","Imperial","B3",7667,"Imperial 2015"
"1802","2015","Imperial","B4",7806,"Imperial 2015"
"1803","2015","Imperial","B1",6537,"Imperial 2015"
"1803","2015","Imperial","B2",6665,"Imperial 2015"
"1803","2015","Imperial","B3",7533,"Imperial 2015"
"1803","2015","Imperial","B4",6762,"Imperial 2015"
"1804","2015","Imperial","B1",6253,"Imperial 2015"
"1804","2015","Imperial","B2",5693,"Imperial 2015"
"1804","2015","Imperial","B3",6312,"Imperial 2015"
"1804","2015","Imperial","B4",5963,"Imperial 2015"
"1805","2015","Imperial","B1",7614,"Imperial 2015"
"1805","2015","Imperial","B2",8045,"Imperial 2015"
"1805","2015","Imperial","B3",5782,"Imperial 2015"
"1805","2015","Imperial","B4",6299,"Imperial 2015"
"1806","2015","Imperial","B1",6748,"Imperial 2015"
"1806","2015","Imperial","B2",6662,"Imperial 2015"
"1806","2015","Imperial","B3",7160,"Imperial 2015"
"1806","2015","Imperial","B4",6965,"Imperial 2015"
"1807","2015","Imperial","B1",7189,"Imperial 2015"
"1807","2015","Imperial","B2",5445,"Imperial 2015"
"1807","2015","Imperial","B3",6461,"Imperial 2015"
"1807","2015","Imperial","B4",6436,"Imperial 2015"
"1808","2015","Imperial","B1",6104,"Imperial 2015"
"1808","2015","Imperial","B2",4985,"Imperial 2015"
"1808","2015","Imperial","B3",6932,"Imperial 2015"
"1808","2015","Imperial","B4",6549,"Imperial 2015"
"1478","2016","Imperial","B1",7900,"Imperial 2016"
"1478","2016","Imperial","B2",8049,"Imperial 2016"
"1478","2016","Imperial","B3",8005,"Imperial 2016"
"1478","2016","Imperial","B4",7321,"Imperial 2016"
"1495","2016","Imperial","B1",8433,"Imperial 2016"
"1495","2016","Imperial","B2",7712,"Imperial 2016"
"1495","2016","Imperial","B3",8195,"Imperial 2016"
"1495","2016","Imperial","B4",8058,"Imperial 2016"
"1521","2016","Imperial","B1",8609,"Imperial 2016"
"1521","2016","Imperial","B2",7843,"Imperial 2016"
"1521","2016","Imperial","B3",7854,"Imperial 2016"
"1521","2016","Imperial","B4",8219,"Imperial 2016"
"1522","2016","Imperial","B1",6394,"Imperial 2016"
"1522","2016","Imperial","B2",6692,"Imperial 2016"
"1522","2016","Imperial","B3",7481,"Imperial 2016"
"1522","2016","Imperial","B4",5945,"Imperial 2016"
"1550","2016","Imperial","B1",5886,"Imperial 2016"
"1550","2016","Imperial","B2",6108,"Imperial 2016"
"1550","2016","Imperial","B3",5573,"Imperial 2016"
"1550","2016","Imperial","B4",6079,"Imperial 2016"
"1590","2016","Imperial","B1",7053,"Imperial 2016"
"1590","2016","Imperial","B2",7961,"Imperial 2016"
"1590","2016","Imperial","B3",8603,"Imperial 2016"
"1590","2016","Imperial","B4",8791,"Imperial 2016"
"1608","2016","Imperial","B1",5626,"Imperial 2016"
"1608","2016","Imperial","B2",7049,"Imperial 2016"
"1608","2016","Imperial","B3",5323,"Imperial 2016"
"1608","2016","Imperial","B4",7895,"Imperial 2016"
"1650","2016","Imperial","B1",7431,"Imperial 2016"
"1650","2016","Imperial","B2",7520,"Imperial 2016"
"1650","2016","Imperial","B3",7562,"Imperial 2016"
"1650","2016","Imperial","B4",7777,"Imperial 2016"
"1657","2016","Imperial","B1",7684,"Imperial 2016"
"1657","2016","Imperial","B2",8642,"Imperial 2016"
"1657","2016","Imperial","B3",8542,"Imperial 2016"
"1657","2016","Imperial","B4",7950,"Imperial 2016"
"1658","2016","Imperial","B1",7943,"Imperial 2016"
"1658","2016","Imperial","B2",9145,"Imperial 2016"
"1658","2016","Imperial","B3",8675,"Imperial 2016"
"1658","2016","Imperial","B4",8936,"Imperial 2016"
"1660","2016","Imperial","B1",7337,"Imperial 2016"
"1660","2016","Imperial","B2",7856,"Imperial 2016"
"1660","2016","Imperial","B3",7429,"Imperial 2016"
"1660","2016","Imperial","B4",7856,"Imperial 2016"
"1667","2016","Imperial","B1",6372,"Imperial 2016"
"1667","2016","Imperial","B2",6291,"Imperial 2016"
"1667","2016","Imperial","B3",6662,"Imperial 2016"
"1667","2016","Imperial","B4",6492,"Imperial 2016"
"1680","2016","Imperial","B1",7636,"Imperial 2016"
"1680","2016","Imperial","B2",7853,"Imperial 2016"
"1680","2016","Imperial","B3",8066,"Imperial 2016"
"1680","2016","Imperial","B4",8092,"Imperial 2016"
"1723","2016","Imperial","B1",8302,"Imperial 2016"
"1723","2016","Imperial","B2",8303,"Imperial 2016"
"1723","2016","Imperial","B3",8514,"Imperial 2016"
"1723","2016","Imperial","B4",8295,"Imperial 2016"
"1728","2016","Imperial","B1",6523,"Imperial 2016"
"1728","2016","Imperial","B2",6678,"Imperial 2016"
"1728","2016","Imperial","B3",6849,"Imperial 2016"
"1728","2016","Imperial","B4",7569,"Imperial 2016"
"1730","2016","Imperial","B1",7837,"Imperial 2016"
"1730","2016","Imperial","B2",7865,"Imperial 2016"
"1730","2016","Imperial","B3",8945,"Imperial 2016"
"1730","2016","Imperial","B4",8535,"Imperial 2016"
"1731","2016","Imperial","B1",7625,"Imperial 2016"
"1731","2016","Imperial","B2",7284,"Imperial 2016"
"1731","2016","Imperial","B3",7800,"Imperial 2016"
"1731","2016","Imperial","B4",7600,"Imperial 2016"
"1743","2016","Imperial","B1",7458,"Imperial 2016"
"1743","2016","Imperial","B2",7731,"Imperial 2016"
"1743","2016","Imperial","B3",7222,"Imperial 2016"
"1743","2016","Imperial","B4",7763,"Imperial 2016"
"1745","2016","Imperial","B1",7164,"Imperial 2016"
"1745","2016","Imperial","B2",6745,"Imperial 2016"
"1745","2016","Imperial","B3",8179,"Imperial 2016"
"1745","2016","Imperial","B4",7811,"Imperial 2016"
"1748","2016","Imperial","B1",8241,"Imperial 2016"
"1748","2016","Imperial","B2",7546,"Imperial 2016"
"1748","2016","Imperial","B3",8222,"Imperial 2016"
"1748","2016","Imperial","B4",7685,"Imperial 2016"
"1749","2016","Imperial","B1",7501,"Imperial 2016"
"1749","2016","Imperial","B2",7791,"Imperial 2016"
"1749","2016","Imperial","B3",7592,"Imperial 2016"
"1749","2016","Imperial","B4",8802,"Imperial 2016"
"1750","2016","Imperial","B1",8005,"Imperial 2016"
"1750","2016","Imperial","B2",8117,"Imperial 2016"
"1750","2016","Imperial","B3",8097,"Imperial 2016"
"1750","2016","Imperial","B4",8863,"Imperial 2016"
"1751","2016","Imperial","B1",7980,"Imperial 2016"
"1751","2016","Imperial","B2",7265,"Imperial 2016"
"1751","2016","Imperial","B3",8415,"Imperial 2016"
"1751","2016","Imperial","B4",8477,"Imperial 2016"
"1766","2016","Imperial","B1",6773,"Imperial 2016"
"1766","2016","Imperial","B2",6337,"Imperial 2016"
"1766","2016","Imperial","B3",7133,"Imperial 2016"
"1766","2016","Imperial","B4",7302,"Imperial 2016"
"1778","2016","Imperial","B1",6417,"Imperial 2016"
"1778","2016","Imperial","B2",6547,"Imperial 2016"
"1778","2016","Imperial","B3",6772,"Imperial 2016"
"1778","2016","Imperial","B4",7294,"Imperial 2016"
"1802","2016","Imperial","B1",7410,"Imperial 2016"
"1802","2016","Imperial","B2",8363,"Imperial 2016"
"1802","2016","Imperial","B3",7997,"Imperial 2016"
"1802","2016","Imperial","B4",8162,"Imperial 2016"
"1807","2016","Imperial","B1",7314,"Imperial 2016"
"1807","2016","Imperial","B2",7945,"Imperial 2016"
"1807","2016","Imperial","B3",7778,"Imperial 2016"
"1807","2016","Imperial","B4",7472,"Imperial 2016"
"1814","2016","Imperial","B1",8376,"Imperial 2016"
"1814","2016","Imperial","B2",8254,"Imperial 2016"
"1814","2016","Imperial","B3",6534,"Imperial 2016"
"1814","2016","Imperial","B4",9118,"Imperial 2016"
"1815","2016","Imperial","B1",8421,"Imperial 2016"
"1815","2016","Imperial","B2",9819,"Imperial 2016"
"1815","2016","Imperial","B3",8966,"Imperial 2016"
"1815","2016","Imperial","B4",8741,"Imperial 2016"
"1816","2016","Imperial","B1",8019,"Imperial 2016"
"1816","2016","Imperial","B2",7701,"Imperial 2016"
"1816","2016","Imperial","B3",8205,"Imperial 2016"
"1816","2016","Imperial","B4",8629,"Imperial 2016"
"1817","2016","Imperial","B1",7902,"Imperial 2016"
"1817","2016","Imperial","B2",8215,"Imperial 2016"
"1817","2016","Imperial","B3",8481,"Imperial 2016"
"1817","2016","Imperial","B4",8742,"Imperial 2016"
"1818","2016","Imperial","B1",5192,"Imperial 2016"
"1818","2016","Imperial","B2",4263,"Imperial 2016"
"1818","2016","Imperial","B4",4860,"Imperial 2016"
"1819","2016","Imperial","B1",9126,"Imperial 2016"
"1819","2016","Imperial","B2",9267,"Imperial 2016"
"1819","2016","Imperial","B3",8524,"Imperial 2016"
"1819","2016","Imperial","B4",8805,"Imperial 2016"
"1820","2016","Imperial","B1",7602,"Imperial 2016"
"1820","2016","Imperial","B2",7851,"Imperial 2016"
"1820","2016","Imperial","B3",7736,"Imperial 2016"
"1820","2016","Imperial","B4",8590,"Imperial 2016"
"1821","2016","Imperial","B1",8401,"Imperial 2016"
"1821","2016","Imperial","B2",8874,"Imperial 2016"
"1821","2016","Imperial","B3",5735,"Imperial 2016"
"1821","2016","Imperial","B4",8573,"Imperial 2016"
"1828","2016","Imperial","B1",7517,"Imperial 2016"
"1828","2016","Imperial","B2",7800,"Imperial 2016"
"1828","2016","Imperial","B3",7684,"Imperial 2016"
"1828","2016","Imperial","B4",7801,"Imperial 2016"
"1829","2016","Imperial","B1",6230,"Imperial 2016"
"1829","2016","Imperial","B2",7140,"Imperial 2016"
"1829","2016","Imperial","B3",7337,"Imperial 2016"
"1829","2016","Imperial","B4",5838,"Imperial 2016"
"1830","2016","Imperial","B1",6792,"Imperial 2016"
"1830","2016","Imperial","B2",7493,"Imperial 2016"
"1830","2016","Imperial","B3",6503,"Imperial 2016"
"1830","2016","Imperial","B4",6430,"Imperial 2016"
"1831","2016","Imperial","B1",7904,"Imperial 2016"
"1831","2016","Imperial","B2",7663,"Imperial 2016"
"1831","2016","Imperial","B3",8492,"Imperial 2016"
"1831","2016","Imperial","B4",7874,"Imperial 2016"
"20","2016","Imperial","B1",7903,"Imperial 2016"
"20","2016","Imperial","B2",7385,"Imperial 2016"
"20","2016","Imperial","B3",7883,"Imperial 2016"
"20","2016","Imperial","B4",7756,"Imperial 2016"
"112","2017","Imperial","B1",6424,"Imperial 2017"
"112","2017","Imperial","B2",6441,"Imperial 2017"
"112","2017","Imperial","B3",6508,"Imperial 2017"
"112","2017","Imperial","B4",6226,"Imperial 2017"
"1478","2017","Imperial","B1",6013,"Imperial 2017"
"1478","2017","Imperial","B2",5991,"Imperial 2017"
"1478","2017","Imperial","B3",7045,"Imperial 2017"
"1478","2017","Imperial","B4",6833,"Imperial 2017"
"1495","2017","Imperial","B1",7540,"Imperial 2017"
"1495","2017","Imperial","B2",7484,"Imperial 2017"
"1495","2017","Imperial","B3",7704,"Imperial 2017"
"1495","2017","Imperial","B4",7049,"Imperial 2017"
"1521","2017","Imperial","B1",7497,"Imperial 2017"
"1521","2017","Imperial","B2",7312,"Imperial 2017"
"1521","2017","Imperial","B3",7242,"Imperial 2017"
"1521","2017","Imperial","B4",7401,"Imperial 2017"
"1522","2017","Imperial","B1",7450,"Imperial 2017"
"1522","2017","Imperial","B2",6872,"Imperial 2017"
"1522","2017","Imperial","B3",6779,"Imperial 2017"
"1522","2017","Imperial","B4",6256,"Imperial 2017"
"1590","2017","Imperial","B1",7593,"Imperial 2017"
"1590","2017","Imperial","B2",7455,"Imperial 2017"
"1590","2017","Imperial","B3",7458,"Imperial 2017"
"1590","2017","Imperial","B4",7614,"Imperial 2017"
"1608","2017","Imperial","B1",6958,"Imperial 2017"
"1608","2017","Imperial","B2",6993,"Imperial 2017"
"1608","2017","Imperial","B3",5131,"Imperial 2017"
"1608","2017","Imperial","B4",5661,"Imperial 2017"
"1657","2017","Imperial","B1",5712,"Imperial 2017"
"1657","2017","Imperial","B2",6989,"Imperial 2017"
"1657","2017","Imperial","B3",6804,"Imperial 2017"
"1657","2017","Imperial","B4",6851,"Imperial 2017"
"1658","2017","Imperial","B1",7778,"Imperial 2017"
"1658","2017","Imperial","B2",7287,"Imperial 2017"
"1658","2017","Imperial","B3",7487,"Imperial 2017"
"1658","2017","Imperial","B4",7183,"Imperial 2017"
"1660","2017","Imperial","B1",6460,"Imperial 2017"
"1660","2017","Imperial","B2",6869,"Imperial 2017"
"1660","2017","Imperial","B3",6637,"Imperial 2017"
"1660","2017","Imperial","B4",6434,"Imperial 2017"
"1667","2017","Imperial","B1",4872,"Imperial 2017"
"1667","2017","Imperial","B2",4897,"Imperial 2017"
"1667","2017","Imperial","B3",4388,"Imperial 2017"
"1667","2017","Imperial","B4",5145,"Imperial 2017"
"1680","2017","Imperial","B1",7515,"Imperial 2017"
"1680","2017","Imperial","B2",7160,"Imperial 2017"
"1680","2017","Imperial","B3",7695,"Imperial 2017"
"1680","2017","Imperial","B4",6954,"Imperial 2017"
"1688","2017","Imperial","B1",5559,"Imperial 2017"
"1688","2017","Imperial","B2",5625,"Imperial 2017"
"1688","2017","Imperial","B3",5332,"Imperial 2017"
"1688","2017","Imperial","B4",2692,"Imperial 2017"
"1723","2017","Imperial","B1",7433,"Imperial 2017"
"1723","2017","Imperial","B2",7378,"Imperial 2017"
"1723","2017","Imperial","B3",7044,"Imperial 2017"
"1723","2017","Imperial","B4",7565,"Imperial 2017"
"1728","2017","Imperial","B1",5169,"Imperial 2017"
"1728","2017","Imperial","B2",5612,"Imperial 2017"
"1728","2017","Imperial","B3",5022,"Imperial 2017"
"1728","2017","Imperial","B4",5081,"Imperial 2017"
"1730","2017","Imperial","B1",6615,"Imperial 2017"
"1730","2017","Imperial","B2",6888,"Imperial 2017"
"1730","2017","Imperial","B3",6206,"Imperial 2017"
"1730","2017","Imperial","B4",7123,"Imperial 2017"
"1731","2017","Imperial","B1",6590,"Imperial 2017"
"1731","2017","Imperial","B2",5255,"Imperial 2017"
"1731","2017","Imperial","B3",5794,"Imperial 2017"
"1731","2017","Imperial","B4",6026,"Imperial 2017"
"1743","2017","Imperial","B1",6934,"Imperial 2017"
"1743","2017","Imperial","B2",6943,"Imperial 2017"
"1743","2017","Imperial","B3",7453,"Imperial 2017"
"1743","2017","Imperial","B4",7247,"Imperial 2017"
"1745","2017","Imperial","B1",7040,"Imperial 2017"
"1745","2017","Imperial","B2",6773,"Imperial 2017"
"1745","2017","Imperial","B3",6945,"Imperial 2017"
"1745","2017","Imperial","B4",6860,"Imperial 2017"
"1748","2017","Imperial","B1",7169,"Imperial 2017"
"1748","2017","Imperial","B2",6126,"Imperial 2017"
"1748","2017","Imperial","B3",7245,"Imperial 2017"
"1748","2017","Imperial","B4",6607,"Imperial 2017"
"1751","2017","Imperial","B1",6969,"Imperial 2017"
"1751","2017","Imperial","B2",6345,"Imperial 2017"
"1751","2017","Imperial","B3",7185,"Imperial 2017"
"1751","2017","Imperial","B4",7281,"Imperial 2017"
"1766","2017","Imperial","B1",4694,"Imperial 2017"
"1766","2017","Imperial","B2",4642,"Imperial 2017"
"1766","2017","Imperial","B3",4613,"Imperial 2017"
"1766","2017","Imperial","B4",4593,"Imperial 2017"
"1778","2017","Imperial","B1",4473,"Imperial 2017"
"1778","2017","Imperial","B2",5559,"Imperial 2017"
"1778","2017","Imperial","B3",4884,"Imperial 2017"
"1778","2017","Imperial","B4",5431,"Imperial 2017"
"1802","2017","Imperial","B1",7307,"Imperial 2017"
"1802","2017","Imperial","B2",7468,"Imperial 2017"
"1802","2017","Imperial","B3",6482,"Imperial 2017"
"1802","2017","Imperial","B4",7405,"Imperial 2017"
"1815","2017","Imperial","B1",7733,"Imperial 2017"
"1815","2017","Imperial","B2",8026,"Imperial 2017"
"1815","2017","Imperial","B3",8379,"Imperial 2017"
"1815","2017","Imperial","B4",7463,"Imperial 2017"
"1817","2017","Imperial","B1",7004,"Imperial 2017"
"1817","2017","Imperial","B2",7096,"Imperial 2017"
"1817","2017","Imperial","B3",6666,"Imperial 2017"
"1817","2017","Imperial","B4",6989,"Imperial 2017"
"1819","2017","Imperial","B1",8111,"Imperial 2017"
"1819","2017","Imperial","B2",8181,"Imperial 2017"
"1819","2017","Imperial","B3",7594,"Imperial 2017"
"1819","2017","Imperial","B4",7830,"Imperial 2017"
"1828","2017","Imperial","B1",6719,"Imperial 2017"
"1828","2017","Imperial","B2",5595,"Imperial 2017"
"1828","2017","Imperial","B3",7714,"Imperial 2017"
"1828","2017","Imperial","B4",7243,"Imperial 2017"
"1830","2017","Imperial","B1",6975,"Imperial 2017"
"1830","2017","Imperial","B2",6644,"Imperial 2017"
"1830","2017","Imperial","B3",6332,"Imperial 2017"
"1830","2017","Imperial","B4",5643,"Imperial 2017"
"1831","2017","Imperial","B1",6266,"Imperial 2017"
"1831","2017","Imperial","B2",7918,"Imperial 2017"
"1831","2017","Imperial","B3",6569,"Imperial 2017"
"1831","2017","Imperial","B4",7276,"Imperial 2017"
"1834","2017","Imperial","B1",7060,"Imperial 2017"
"1834","2017","Imperial","B2",7238,"Imperial 2017"
"1834","2017","Imperial","B3",7373,"Imperial 2017"
"1834","2017","Imperial","B4",6833,"Imperial 2017"
"1835","2017","Imperial","B1",6466,"Imperial 2017"
"1835","2017","Imperial","B2",6886,"Imperial 2017"
"1835","2017","Imperial","B3",7057,"Imperial 2017"
"1835","2017","Imperial","B4",6123,"Imperial 2017"
"1836","2017","Imperial","B1",7430,"Imperial 2017"
"1836","2017","Imperial","B2",7010,"Imperial 2017"
"1836","2017","Imperial","B3",6617,"Imperial 2017"
"1836","2017","Imperial","B4",6761,"Imperial 2017"
"1837","2017","Imperial","B1",6279,"Imperial 2017"
"1837","2017","Imperial","B2",6946,"Imperial 2017"
"1837","2017","Imperial","B3",6978,"Imperial 2017"
"1837","2017","Imperial","B4",7452,"Imperial 2017"
"1838","2017","Imperial","B1",3419,"Imperial 2017"
"1838","2017","Imperial","B2",6284,"Imperial 2017"
"1838","2017","Imperial","B3",3936,"Imperial 2017"
"1838","2017","Imperial","B4",4642,"Imperial 2017"
"1839","2017","Imperial","B1",6426,"Imperial 2017"
"1839","2017","Imperial","B2",6188,"Imperial 2017"
"1839","2017","Imperial","B3",5462,"Imperial 2017"
"1839","2017","Imperial","B4",6708,"Imperial 2017"
"1840","2017","Imperial","B1",6342,"Imperial 2017"
"1840","2017","Imperial","B2",6350,"Imperial 2017"
"1840","2017","Imperial","B3",4722,"Imperial 2017"
"1840","2017","Imperial","B4",5525,"Imperial 2017"
"1841","2017","Imperial","B1",7543,"Imperial 2017"
"1841","2017","Imperial","B2",7575,"Imperial 2017"
"1841","2017","Imperial","B3",7180,"Imperial 2017"
"1841","2017","Imperial","B4",7795,"Imperial 2017"
"1842","2017","Imperial","B1",7275,"Imperial 2017"
"1842","2017","Imperial","B2",5874,"Imperial 2017"
"1842","2017","Imperial","B3",7454,"Imperial 2017"
"1842","2017","Imperial","B4",7740,"Imperial 2017"
"1843","2017","Imperial","B1",8277,"Imperial 2017"
"1843","2017","Imperial","B2",8283,"Imperial 2017"
"1843","2017","Imperial","B3",8819,"Imperial 2017"
"1843","2017","Imperial","B4",8517,"Imperial 2017"
"1844","2017","Imperial","B1",7279,"Imperial 2017"
"1844","2017","Imperial","B2",7294,"Imperial 2017"
"1844","2017","Imperial","B3",6124,"Imperial 2017"
"1844","2017","Imperial","B4",5755,"Imperial 2017"
"1845","2017","Imperial","B1",7965,"Imperial 2017"
"1845","2017","Imperial","B2",8187,"Imperial 2017"
"1845","2017","Imperial","B3",8226,"Imperial 2017"
"1845","2017","Imperial","B4",7850,"Imperial 2017"
"1846","2017","Imperial","B1",7480,"Imperial 2017"
"1846","2017","Imperial","B2",7282,"Imperial 2017"
"1846","2017","Imperial","B3",7768,"Imperial 2017"
"1846","2017","Imperial","B4",7492,"Imperial 2017"
"1847","2017","Imperial","B1",7417,"Imperial 2017"
"1847","2017","Imperial","B2",7417,"Imperial 2017"
"1847","2017","Imperial","B3",7878,"Imperial 2017"
"1847","2017","Imperial","B4",7471,"Imperial 2017"
"20","2017","Imperial","B1",6635,"Imperial 2017"
"20","2017","Imperial","B2",6587,"Imperial 2017"
"20","2017","Imperial","B3",6531,"Imperial 2017"
"20","2017","Imperial","B4",6545,"Imperial 2017"
"1340","2015","Kern","B1",5011,"Kern 2015"
"1340","2015","Kern","B2",4362,"Kern 2015"
"1340","2015","Kern","B4",5032,"Kern 2015"
"1361","2015","Kern","B1",6654,"Kern 2015"
"1361","2015","Kern","B2",6250,"Kern 2015"
"1361","2015","Kern","B3",7025,"Kern 2015"
"1361","2015","Kern","B4",7988,"Kern 2015"
"1419","2015","Kern","B1",6663,"Kern 2015"
"1419","2015","Kern","B3",5915,"Kern 2015"
"1424","2015","Kern","B1",7441,"Kern 2015"
"1424","2015","Kern","B3",7811,"Kern 2015"
"1424","2015","Kern","B4",7762,"Kern 2015"
"1478","2015","Kern","B1",6194,"Kern 2015"
"1478","2015","Kern","B3",5641,"Kern 2015"
"1478","2015","Kern","B4",6517,"Kern 2015"
"1495","2015","Kern","B2",5588,"Kern 2015"
"1495","2015","Kern","B3",5488,"Kern 2015"
"1521","2015","Kern","B1",7164,"Kern 2015"
"1521","2015","Kern","B2",6366,"Kern 2015"
"1521","2015","Kern","B3",7590,"Kern 2015"
"1522","2015","Kern","B1",6714,"Kern 2015"
"1522","2015","Kern","B2",8178,"Kern 2015"
"1522","2015","Kern","B3",6456,"Kern 2015"
"1522","2015","Kern","B4",6572,"Kern 2015"
"1526","2015","Kern","B1",5816,"Kern 2015"
"1526","2015","Kern","B2",6646,"Kern 2015"
"1526","2015","Kern","B3",5961,"Kern 2015"
"1550","2015","Kern","B1",5812,"Kern 2015"
"1550","2015","Kern","B2",6169,"Kern 2015"
"1550","2015","Kern","B3",6220,"Kern 2015"
"1550","2015","Kern","B4",6443,"Kern 2015"
"1590","2015","Kern","B1",5571,"Kern 2015"
"1590","2015","Kern","B2",5651,"Kern 2015"
"1590","2015","Kern","B3",6410,"Kern 2015"
"1608","2015","Kern","B1",5926,"Kern 2015"
"1608","2015","Kern","B2",7596,"Kern 2015"
"1608","2015","Kern","B4",6934,"Kern 2015"
"1657","2015","Kern","B1",8103,"Kern 2015"
"1657","2015","Kern","B4",7311,"Kern 2015"
"1658","2015","Kern","B2",6348,"Kern 2015"
"1658","2015","Kern","B4",8175,"Kern 2015"
"1660","2015","Kern","B1",6750,"Kern 2015"
"1660","2015","Kern","B3",6288,"Kern 2015"
"1660","2015","Kern","B4",8265,"Kern 2015"
"1667","2015","Kern","B1",4182,"Kern 2015"
"1667","2015","Kern","B3",5606,"Kern 2015"
"1667","2015","Kern","B4",4892,"Kern 2015"
"1680","2015","Kern","B1",6440,"Kern 2015"
"1680","2015","Kern","B2",6115,"Kern 2015"
"1680","2015","Kern","B3",6281,"Kern 2015"
"1680","2015","Kern","B4",7040,"Kern 2015"
"1688","2015","Kern","B1",6361,"Kern 2015"
"1688","2015","Kern","B2",7790,"Kern 2015"
"1688","2015","Kern","B4",8694,"Kern 2015"
"1723","2015","Kern","B1",8396,"Kern 2015"
"1723","2015","Kern","B2",7523,"Kern 2015"
"1723","2015","Kern","B4",7923,"Kern 2015"
"1728","2015","Kern","B1",5933,"Kern 2015"
"1728","2015","Kern","B2",7446,"Kern 2015"
"1728","2015","Kern","B3",7341,"Kern 2015"
"1728","2015","Kern","B4",8375,"Kern 2015"
"1729","2015","Kern","B1",7913,"Kern 2015"
"1729","2015","Kern","B2",7127,"Kern 2015"
"1729","2015","Kern","B3",6687,"Kern 2015"
"1729","2015","Kern","B4",8512,"Kern 2015"
"1730","2015","Kern","B1",7497,"Kern 2015"
"1730","2015","Kern","B3",7581,"Kern 2015"
"1730","2015","Kern","B4",6408,"Kern 2015"
"1731","2015","Kern","B1",6557,"Kern 2015"
"1731","2015","Kern","B2",6847,"Kern 2015"
"1731","2015","Kern","B3",7080,"Kern 2015"
"1731","2015","Kern","B4",6566,"Kern 2015"
"1745","2015","Kern","B1",5869,"Kern 2015"
"1745","2015","Kern","B3",6514,"Kern 2015"
"1748","2015","Kern","B1",7808,"Kern 2015"
"1748","2015","Kern","B2",7005,"Kern 2015"
"1748","2015","Kern","B3",7991,"Kern 2015"
"1748","2015","Kern","B4",8309,"Kern 2015"
"1749","2015","Kern","B1",6208,"Kern 2015"
"1749","2015","Kern","B2",7154,"Kern 2015"
"1749","2015","Kern","B3",7352,"Kern 2015"
"1749","2015","Kern","B4",8181,"Kern 2015"
"1750","2015","Kern","B1",7410,"Kern 2015"
"1750","2015","Kern","B2",7416,"Kern 2015"
"1750","2015","Kern","B3",6743,"Kern 2015"
"1750","2015","Kern","B4",7476,"Kern 2015"
"1751","2015","Kern","B2",6843,"Kern 2015"
"1751","2015","Kern","B3",6472,"Kern 2015"
"1766","2015","Kern","B1",4127,"Kern 2015"
"1766","2015","Kern","B2",3332,"Kern 2015"
"1766","2015","Kern","B4",3856,"Kern 2015"
"1767","2015","Kern","B1",6803,"Kern 2015"
"1767","2015","Kern","B2",6709,"Kern 2015"
"1767","2015","Kern","B4",7323,"Kern 2015"
"1772","2015","Kern","B1",3680,"Kern 2015"
"1772","2015","Kern","B2",7438,"Kern 2015"
"1772","2015","Kern","B3",8273,"Kern 2015"
"1772","2015","Kern","B4",7871,"Kern 2015"
"1773","2015","Kern","B1",7473,"Kern 2015"
"1773","2015","Kern","B2",8320,"Kern 2015"
"1773","2015","Kern","B3",7452,"Kern 2015"
"1773","2015","Kern","B4",7830,"Kern 2015"
"1778","2015","Kern","B1",4657,"Kern 2015"
"1778","2015","Kern","B3",6285,"Kern 2015"
"1778","2015","Kern","B4",5707,"Kern 2015"
"1779","2015","Kern","B1",4121,"Kern 2015"
"1779","2015","Kern","B2",4683,"Kern 2015"
"1779","2015","Kern","B4",5100,"Kern 2015"
"1789","2015","Kern","B1",6609,"Kern 2015"
"1789","2015","Kern","B3",6761,"Kern 2015"
"1789","2015","Kern","B4",8389,"Kern 2015"
"1790","2015","Kern","B1",7029,"Kern 2015"
"1790","2015","Kern","B2",6635,"Kern 2015"
"1790","2015","Kern","B3",7835,"Kern 2015"
"1791","2015","Kern","B1",7007,"Kern 2015"
"1791","2015","Kern","B2",7439,"Kern 2015"
"1791","2015","Kern","B3",7127,"Kern 2015"
"1791","2015","Kern","B4",8296,"Kern 2015"
"1792","2015","Kern","B2",7568,"Kern 2015"
"1792","2015","Kern","B3",8299,"Kern 2015"
"1792","2015","Kern","B4",9058,"Kern 2015"
"1793","2015","Kern","B1",7152,"Kern 2015"
"1793","2015","Kern","B2",7056,"Kern 2015"
"1793","2015","Kern","B3",6731,"Kern 2015"
"1793","2015","Kern","B4",7438,"Kern 2015"
"1794","2015","Kern","B1",6911,"Kern 2015"
"1794","2015","Kern","B2",8133,"Kern 2015"
"1794","2015","Kern","B3",7376,"Kern 2015"
"1794","2015","Kern","B4",7229,"Kern 2015"
"1795","2015","Kern","B1",5222,"Kern 2015"
"1795","2015","Kern","B2",5688,"Kern 2015"
"1795","2015","Kern","B4",6877,"Kern 2015"
"1802","2015","Kern","B1",5874,"Kern 2015"
"1802","2015","Kern","B2",7217,"Kern 2015"
"1802","2015","Kern","B3",6746,"Kern 2015"
"1802","2015","Kern","B4",6296,"Kern 2015"
"1803","2015","Kern","B1",6365,"Kern 2015"
"1803","2015","Kern","B2",6065,"Kern 2015"
"1803","2015","Kern","B3",6846,"Kern 2015"
"1803","2015","Kern","B4",7389,"Kern 2015"
"1804","2015","Kern","B1",5910,"Kern 2015"
"1804","2015","Kern","B2",7739,"Kern 2015"
"1804","2015","Kern","B3",7043,"Kern 2015"
"1804","2015","Kern","B4",7500,"Kern 2015"
"1805","2015","Kern","B2",7302,"Kern 2015"
"1805","2015","Kern","B3",7135,"Kern 2015"
"1805","2015","Kern","B4",8438,"Kern 2015"
"1806","2015","Kern","B1",7115,"Kern 2015"
"1806","2015","Kern","B2",8106,"Kern 2015"
"1806","2015","Kern","B3",7661,"Kern 2015"
"1806","2015","Kern","B4",8463,"Kern 2015"
"1807","2015","Kern","B1",6442,"Kern 2015"
"1807","2015","Kern","B2",8033,"Kern 2015"
"1807","2015","Kern","B3",8410,"Kern 2015"
"1807","2015","Kern","B4",7604,"Kern 2015"
"1808","2015","Kern","B1",5467,"Kern 2015"
"1808","2015","Kern","B2",7679,"Kern 2015"
"1808","2015","Kern","B3",8001,"Kern 2015"
"1808","2015","Kern","B4",6011,"Kern 2015"
"1478","2016","Kern","B1",7135,"Kern 2016"
"1478","2016","Kern","B2",4801,"Kern 2016"
"1478","2016","Kern","B3",6449,"Kern 2016"
"1478","2016","Kern","B4",6098,"Kern 2016"
"1495","2016","Kern","B1",7172,"Kern 2016"
"1495","2016","Kern","B2",6749,"Kern 2016"
"1495","2016","Kern","B3",6701,"Kern 2016"
"1495","2016","Kern","B4",6144,"Kern 2016"
"1521","2016","Kern","B1",7132,"Kern 2016"
"1521","2016","Kern","B2",6322,"Kern 2016"
"1521","2016","Kern","B3",7588,"Kern 2016"
"1521","2016","Kern","B4",6313,"Kern 2016"
"1522","2016","Kern","B1",6819,"Kern 2016"
"1522","2016","Kern","B2",7725,"Kern 2016"
"1522","2016","Kern","B3",7127,"Kern 2016"
"1522","2016","Kern","B4",5843,"Kern 2016"
"1550","2016","Kern","B1",6557,"Kern 2016"
"1550","2016","Kern","B2",6526,"Kern 2016"
"1550","2016","Kern","B3",5992,"Kern 2016"
"1550","2016","Kern","B4",6462,"Kern 2016"
"1590","2016","Kern","B1",6168,"Kern 2016"
"1590","2016","Kern","B2",6231,"Kern 2016"
"1590","2016","Kern","B3",6549,"Kern 2016"
"1590","2016","Kern","B4",5677,"Kern 2016"
"1608","2016","Kern","B1",4624,"Kern 2016"
"1608","2016","Kern","B2",6343,"Kern 2016"
"1608","2016","Kern","B3",7031,"Kern 2016"
"1608","2016","Kern","B4",5248,"Kern 2016"
"1650","2016","Kern","B1",4972,"Kern 2016"
"1650","2016","Kern","B2",6174,"Kern 2016"
"1650","2016","Kern","B3",6802,"Kern 2016"
"1650","2016","Kern","B4",6836,"Kern 2016"
"1657","2016","Kern","B1",7273,"Kern 2016"
"1657","2016","Kern","B2",8055,"Kern 2016"
"1657","2016","Kern","B3",8506,"Kern 2016"
"1657","2016","Kern","B4",9318,"Kern 2016"
"1658","2016","Kern","B1",7730,"Kern 2016"
"1658","2016","Kern","B2",8139,"Kern 2016"
"1658","2016","Kern","B3",6835,"Kern 2016"
"1658","2016","Kern","B4",7582,"Kern 2016"
"1660","2016","Kern","B1",5421,"Kern 2016"
"1660","2016","Kern","B2",6931,"Kern 2016"
"1660","2016","Kern","B3",6850,"Kern 2016"
"1660","2016","Kern","B4",6188,"Kern 2016"
"1667","2016","Kern","B1",2833,"Kern 2016"
"1667","2016","Kern","B2",2096,"Kern 2016"
"1667","2016","Kern","B3",2521,"Kern 2016"
"1667","2016","Kern","B4",2857,"Kern 2016"
"1680","2016","Kern","B1",5653,"Kern 2016"
"1680","2016","Kern","B2",5184,"Kern 2016"
"1680","2016","Kern","B3",5802,"Kern 2016"
"1680","2016","Kern","B4",4946,"Kern 2016"
"1723","2016","Kern","B1",7563,"Kern 2016"
"1723","2016","Kern","B2",6496,"Kern 2016"
"1723","2016","Kern","B3",7561,"Kern 2016"
"1723","2016","Kern","B4",6763,"Kern 2016"
"1728","2016","Kern","B1",8172,"Kern 2016"
"1728","2016","Kern","B2",7931,"Kern 2016"
"1728","2016","Kern","B3",7644,"Kern 2016"
"1728","2016","Kern","B4",9005,"Kern 2016"
"1730","2016","Kern","B1",7576,"Kern 2016"
"1730","2016","Kern","B2",7697,"Kern 2016"
"1730","2016","Kern","B3",5746,"Kern 2016"
"1730","2016","Kern","B4",6993,"Kern 2016"
"1731","2016","Kern","B1",7323,"Kern 2016"
"1731","2016","Kern","B2",6880,"Kern 2016"
"1731","2016","Kern","B3",5558,"Kern 2016"
"1731","2016","Kern","B4",6524,"Kern 2016"
"1743","2016","Kern","B1",6946,"Kern 2016"
"1743","2016","Kern","B2",6472,"Kern 2016"
"1743","2016","Kern","B3",6672,"Kern 2016"
"1743","2016","Kern","B4",7239,"Kern 2016"
"1745","2016","Kern","B1",7328,"Kern 2016"
"1745","2016","Kern","B2",6937,"Kern 2016"
"1745","2016","Kern","B3",6258,"Kern 2016"
"1745","2016","Kern","B4",6817,"Kern 2016"
"1748","2016","Kern","B1",7274,"Kern 2016"
"1748","2016","Kern","B2",8162,"Kern 2016"
"1748","2016","Kern","B3",7626,"Kern 2016"
"1748","2016","Kern","B4",8392,"Kern 2016"
"1749","2016","Kern","B1",7773,"Kern 2016"
"1749","2016","Kern","B2",7105,"Kern 2016"
"1749","2016","Kern","B3",7246,"Kern 2016"
"1749","2016","Kern","B4",8694,"Kern 2016"
"1750","2016","Kern","B1",8506,"Kern 2016"
"1750","2016","Kern","B2",8463,"Kern 2016"
"1750","2016","Kern","B3",8577,"Kern 2016"
"1750","2016","Kern","B4",9016,"Kern 2016"
"1751","2016","Kern","B1",5661,"Kern 2016"
"1751","2016","Kern","B2",6676,"Kern 2016"
"1751","2016","Kern","B3",6795,"Kern 2016"
"1751","2016","Kern","B4",3801,"Kern 2016"
"1766","2016","Kern","B1",2902,"Kern 2016"
"1766","2016","Kern","B2",2537,"Kern 2016"
"1766","2016","Kern","B3",2561,"Kern 2016"
"1766","2016","Kern","B4",3023,"Kern 2016"
"1778","2016","Kern","B1",2724,"Kern 2016"
"1778","2016","Kern","B2",2803,"Kern 2016"
"1778","2016","Kern","B3",3906,"Kern 2016"
"1778","2016","Kern","B4",5068,"Kern 2016"
"1802","2016","Kern","B1",7030,"Kern 2016"
"1802","2016","Kern","B2",5940,"Kern 2016"
"1802","2016","Kern","B3",4288,"Kern 2016"
"1802","2016","Kern","B4",5738,"Kern 2016"
"1807","2016","Kern","B1",9508,"Kern 2016"
"1807","2016","Kern","B2",8847,"Kern 2016"
"1807","2016","Kern","B3",8438,"Kern 2016"
"1807","2016","Kern","B4",8936,"Kern 2016"
"1814","2016","Kern","B1",7143,"Kern 2016"
"1814","2016","Kern","B2",7468,"Kern 2016"
"1814","2016","Kern","B3",6789,"Kern 2016"
"1814","2016","Kern","B4",6806,"Kern 2016"
"1815","2016","Kern","B1",6940,"Kern 2016"
"1815","2016","Kern","B2",7994,"Kern 2016"
"1815","2016","Kern","B3",7697,"Kern 2016"
"1815","2016","Kern","B4",7041,"Kern 2016"
"1816","2016","Kern","B1",8204,"Kern 2016"
"1816","2016","Kern","B2",7787,"Kern 2016"
"1816","2016","Kern","B3",8473,"Kern 2016"
"1816","2016","Kern","B4",6990,"Kern 2016"
"1817","2016","Kern","B1",7980,"Kern 2016"
"1817","2016","Kern","B2",8227,"Kern 2016"
"1817","2016","Kern","B3",8401,"Kern 2016"
"1817","2016","Kern","B4",8283,"Kern 2016"
"1818","2016","Kern","B1",5897,"Kern 2016"
"1818","2016","Kern","B2",7128,"Kern 2016"
"1818","2016","Kern","B3",7259,"Kern 2016"
"1818","2016","Kern","B4",6852,"Kern 2016"
"1819","2016","Kern","B1",8518,"Kern 2016"
"1819","2016","Kern","B2",7159,"Kern 2016"
"1819","2016","Kern","B3",7978,"Kern 2016"
"1819","2016","Kern","B4",7313,"Kern 2016"
"1820","2016","Kern","B1",6452,"Kern 2016"
"1820","2016","Kern","B2",5731,"Kern 2016"
"1820","2016","Kern","B3",5405,"Kern 2016"
"1820","2016","Kern","B4",6002,"Kern 2016"
"1821","2016","Kern","B1",7574,"Kern 2016"
"1821","2016","Kern","B2",7966,"Kern 2016"
"1821","2016","Kern","B3",7603,"Kern 2016"
"1821","2016","Kern","B4",6845,"Kern 2016"
"1828","2016","Kern","B1",5851,"Kern 2016"
"1828","2016","Kern","B2",6334,"Kern 2016"
"1828","2016","Kern","B3",6083,"Kern 2016"
"1828","2016","Kern","B4",7300,"Kern 2016"
"1829","2016","Kern","B1",7022,"Kern 2016"
"1829","2016","Kern","B2",7519,"Kern 2016"
"1829","2016","Kern","B3",6939,"Kern 2016"
"1829","2016","Kern","B4",5615,"Kern 2016"
"1830","2016","Kern","B1",6288,"Kern 2016"
"1830","2016","Kern","B2",6932,"Kern 2016"
"1830","2016","Kern","B3",7237,"Kern 2016"
"1830","2016","Kern","B4",5245,"Kern 2016"
"1831","2016","Kern","B1",8436,"Kern 2016"
"1831","2016","Kern","B2",6381,"Kern 2016"
"1831","2016","Kern","B3",6282,"Kern 2016"
"1831","2016","Kern","B4",7462,"Kern 2016"
"20","2016","Kern","B1",6161,"Kern 2016"
"20","2016","Kern","B2",6062,"Kern 2016"
"20","2016","Kern","B3",5754,"Kern 2016"
"20","2016","Kern","B4",4190,"Kern 2016"
"112","2017","Kern","B1",8949,"Kern 2017"
"112","2017","Kern","B2",9732,"Kern 2017"
"112","2017","Kern","B3",8444,"Kern 2017"
"112","2017","Kern","B4",8788,"Kern 2017"
"1478","2017","Kern","B1",10239,"Kern 2017"
"1478","2017","Kern","B2",10882,"Kern 2017"
"1478","2017","Kern","B3",12113,"Kern 2017"
"1478","2017","Kern","B4",11147,"Kern 2017"
"1495","2017","Kern","B1",9681,"Kern 2017"
"1495","2017","Kern","B2",9971,"Kern 2017"
"1495","2017","Kern","B3",11242,"Kern 2017"
"1495","2017","Kern","B4",11408,"Kern 2017"
"1521","2017","Kern","B1",10571,"Kern 2017"
"1521","2017","Kern","B2",9930,"Kern 2017"
"1521","2017","Kern","B3",11815,"Kern 2017"
"1521","2017","Kern","B4",11186,"Kern 2017"
"1522","2017","Kern","B1",10457,"Kern 2017"
"1522","2017","Kern","B2",10153,"Kern 2017"
"1522","2017","Kern","B3",11090,"Kern 2017"
"1522","2017","Kern","B4",11002,"Kern 2017"
"1590","2017","Kern","B1",10867,"Kern 2017"
"1590","2017","Kern","B2",10895,"Kern 2017"
"1590","2017","Kern","B3",8495,"Kern 2017"
"1590","2017","Kern","B4",11110,"Kern 2017"
"1608","2017","Kern","B1",7628,"Kern 2017"
"1608","2017","Kern","B2",8500,"Kern 2017"
"1608","2017","Kern","B3",9159,"Kern 2017"
"1608","2017","Kern","B4",9797,"Kern 2017"
"1657","2017","Kern","B1",9849,"Kern 2017"
"1657","2017","Kern","B2",11806,"Kern 2017"
"1657","2017","Kern","B3",11014,"Kern 2017"
"1657","2017","Kern","B4",11151,"Kern 2017"
"1658","2017","Kern","B1",10783,"Kern 2017"
"1658","2017","Kern","B2",11169,"Kern 2017"
"1658","2017","Kern","B3",11274,"Kern 2017"
"1658","2017","Kern","B4",11498,"Kern 2017"
"1660","2017","Kern","B1",NA,"Kern 2017"
"1660","2017","Kern","B2",11782,"Kern 2017"
"1660","2017","Kern","B3",10973,"Kern 2017"
"1660","2017","Kern","B4",10623,"Kern 2017"
"1667","2017","Kern","B1",4690,"Kern 2017"
"1667","2017","Kern","B2",3917,"Kern 2017"
"1667","2017","Kern","B3",4835,"Kern 2017"
"1667","2017","Kern","B4",6326,"Kern 2017"
"1680","2017","Kern","B1",NA,"Kern 2017"
"1680","2017","Kern","B2",10283,"Kern 2017"
"1680","2017","Kern","B3",11831,"Kern 2017"
"1680","2017","Kern","B4",11236,"Kern 2017"
"1688","2017","Kern","B1",9918,"Kern 2017"
"1688","2017","Kern","B2",9364,"Kern 2017"
"1688","2017","Kern","B3",7906,"Kern 2017"
"1688","2017","Kern","B4",8113,"Kern 2017"
"1723","2017","Kern","B1",11282,"Kern 2017"
"1723","2017","Kern","B2",11804,"Kern 2017"
"1723","2017","Kern","B3",11427,"Kern 2017"
"1723","2017","Kern","B4",12323,"Kern 2017"
"1728","2017","Kern","B1",8990,"Kern 2017"
"1728","2017","Kern","B2",8427,"Kern 2017"
"1728","2017","Kern","B3",9083,"Kern 2017"
"1728","2017","Kern","B4",9369,"Kern 2017"
"1730","2017","Kern","B1",8175,"Kern 2017"
"1730","2017","Kern","B2",6199,"Kern 2017"
"1730","2017","Kern","B3",9836,"Kern 2017"
"1730","2017","Kern","B4",9564,"Kern 2017"
"1731","2017","Kern","B1",11332,"Kern 2017"
"1731","2017","Kern","B2",9003,"Kern 2017"
"1731","2017","Kern","B3",11388,"Kern 2017"
"1731","2017","Kern","B4",9446,"Kern 2017"
"1743","2017","Kern","B1",11124,"Kern 2017"
"1743","2017","Kern","B2",11739,"Kern 2017"
"1743","2017","Kern","B3",11087,"Kern 2017"
"1743","2017","Kern","B4",11853,"Kern 2017"
"1745","2017","Kern","B1",8097,"Kern 2017"
"1745","2017","Kern","B2",8634,"Kern 2017"
"1745","2017","Kern","B3",8148,"Kern 2017"
"1745","2017","Kern","B4",11113,"Kern 2017"
"1748","2017","Kern","B1",NA,"Kern 2017"
"1748","2017","Kern","B2",9220,"Kern 2017"
"1748","2017","Kern","B3",8662,"Kern 2017"
"1748","2017","Kern","B4",10938,"Kern 2017"
"1751","2017","Kern","B1",9111,"Kern 2017"
"1751","2017","Kern","B2",9976,"Kern 2017"
"1751","2017","Kern","B3",11915,"Kern 2017"
"1751","2017","Kern","B4",10225,"Kern 2017"
"1766","2017","Kern","B1",7348,"Kern 2017"
"1766","2017","Kern","B2",7404,"Kern 2017"
"1766","2017","Kern","B3",6948,"Kern 2017"
"1766","2017","Kern","B4",7532,"Kern 2017"
"1778","2017","Kern","B1",NA,"Kern 2017"
"1778","2017","Kern","B2",9732,"Kern 2017"
"1778","2017","Kern","B3",9328,"Kern 2017"
"1778","2017","Kern","B4",8216,"Kern 2017"
"1802","2017","Kern","B1",10472,"Kern 2017"
"1802","2017","Kern","B2",10233,"Kern 2017"
"1802","2017","Kern","B3",10133,"Kern 2017"
"1802","2017","Kern","B4",11005,"Kern 2017"
"1815","2017","Kern","B1",12201,"Kern 2017"
"1815","2017","Kern","B2",11859,"Kern 2017"
"1815","2017","Kern","B3",13188,"Kern 2017"
"1815","2017","Kern","B4",11294,"Kern 2017"
"1817","2017","Kern","B1",NA,"Kern 2017"
"1817","2017","Kern","B2",11110,"Kern 2017"
"1817","2017","Kern","B3",11157,"Kern 2017"
"1817","2017","Kern","B4",10142,"Kern 2017"
"1819","2017","Kern","B1",11476,"Kern 2017"
"1819","2017","Kern","B2",11657,"Kern 2017"
"1819","2017","Kern","B3",11968,"Kern 2017"
"1819","2017","Kern","B4",12191,"Kern 2017"
"1828","2017","Kern","B1",10491,"Kern 2017"
"1828","2017","Kern","B2",11132,"Kern 2017"
"1828","2017","Kern","B3",11124,"Kern 2017"
"1828","2017","Kern","B4",10871,"Kern 2017"
"1830","2017","Kern","B1",9580,"Kern 2017"
"1830","2017","Kern","B2",10199,"Kern 2017"
"1830","2017","Kern","B3",11273,"Kern 2017"
"1830","2017","Kern","B4",10661,"Kern 2017"
"1831","2017","Kern","B1",11466,"Kern 2017"
"1831","2017","Kern","B2",10423,"Kern 2017"
"1831","2017","Kern","B3",11277,"Kern 2017"
"1831","2017","Kern","B4",12406,"Kern 2017"
"1834","2017","Kern","B1",11303,"Kern 2017"
"1834","2017","Kern","B2",10100,"Kern 2017"
"1834","2017","Kern","B3",10794,"Kern 2017"
"1834","2017","Kern","B4",10704,"Kern 2017"
"1835","2017","Kern","B1",10610,"Kern 2017"
"1835","2017","Kern","B2",10433,"Kern 2017"
"1835","2017","Kern","B3",12678,"Kern 2017"
"1835","2017","Kern","B4",11128,"Kern 2017"
"1836","2017","Kern","B1",9575,"Kern 2017"
"1836","2017","Kern","B2",8688,"Kern 2017"
"1836","2017","Kern","B3",9046,"Kern 2017"
"1836","2017","Kern","B4",7668,"Kern 2017"
"1837","2017","Kern","B1",8676,"Kern 2017"
"1837","2017","Kern","B2",8567,"Kern 2017"
"1837","2017","Kern","B3",8654,"Kern 2017"
"1837","2017","Kern","B4",9044,"Kern 2017"
"1838","2017","Kern","B1",10084,"Kern 2017"
"1838","2017","Kern","B2",9881,"Kern 2017"
"1838","2017","Kern","B3",10207,"Kern 2017"
"1838","2017","Kern","B4",10146,"Kern 2017"
"1839","2017","Kern","B1",10245,"Kern 2017"
"1839","2017","Kern","B2",12317,"Kern 2017"
"1839","2017","Kern","B3",12432,"Kern 2017"
"1839","2017","Kern","B4",11449,"Kern 2017"
"1840","2017","Kern","B1",9854,"Kern 2017"
"1840","2017","Kern","B2",10340,"Kern 2017"
"1840","2017","Kern","B3",11294,"Kern 2017"
"1840","2017","Kern","B4",10665,"Kern 2017"
"1841","2017","Kern","B1",9970,"Kern 2017"
"1841","2017","Kern","B2",8985,"Kern 2017"
"1841","2017","Kern","B3",10974,"Kern 2017"
"1841","2017","Kern","B4",10944,"Kern 2017"
"1842","2017","Kern","B1",NA,"Kern 2017"
"1842","2017","Kern","B2",11319,"Kern 2017"
"1842","2017","Kern","B3",11370,"Kern 2017"
"1842","2017","Kern","B4",11094,"Kern 2017"
"1843","2017","Kern","B1",11373,"Kern 2017"
"1843","2017","Kern","B2",11870,"Kern 2017"
"1843","2017","Kern","B3",13301,"Kern 2017"
"1843","2017","Kern","B4",13520,"Kern 2017"
"1844","2017","Kern","B1",11759,"Kern 2017"
"1844","2017","Kern","B2",11137,"Kern 2017"
"1844","2017","Kern","B3",13256,"Kern 2017"
"1844","2017","Kern","B4",11896,"Kern 2017"
"1845","2017","Kern","B1",11577,"Kern 2017"
"1845","2017","Kern","B2",12109,"Kern 2017"
"1845","2017","Kern","B3",11297,"Kern 2017"
"1845","2017","Kern","B4",11915,"Kern 2017"
"1846","2017","Kern","B1",11440,"Kern 2017"
"1846","2017","Kern","B2",11897,"Kern 2017"
"1846","2017","Kern","B3",12112,"Kern 2017"
"1846","2017","Kern","B4",11427,"Kern 2017"
"1847","2017","Kern","B1",11273,"Kern 2017"
"1847","2017","Kern","B2",11452,"Kern 2017"
"1847","2017","Kern","B3",11620,"Kern 2017"
"1847","2017","Kern","B4",11716,"Kern 2017"
"20","2017","Kern","B1",7735,"Kern 2017"
"20","2017","Kern","B2",8499,"Kern 2017"
"20","2017","Kern","B3",9373,"Kern 2017"
"20","2017","Kern","B4",8393,"Kern 2017"
"1340","2015","Kings","B1",4082,"Kings 2015"
"1340","2015","Kings","B2",3642,"Kings 2015"
"1340","2015","Kings","B3",4158,"Kings 2015"
"1340","2015","Kings","B4",3881,"Kings 2015"
"1361","2015","Kings","B1",5344,"Kings 2015"
"1361","2015","Kings","B2",5764,"Kings 2015"
"1361","2015","Kings","B3",6004,"Kings 2015"
"1361","2015","Kings","B4",5320,"Kings 2015"
"1419","2015","Kings","B1",5942,"Kings 2015"
"1419","2015","Kings","B2",4835,"Kings 2015"
"1419","2015","Kings","B3",5837,"Kings 2015"
"1419","2015","Kings","B4",5559,"Kings 2015"
"1424","2015","Kings","B1",3753,"Kings 2015"
"1424","2015","Kings","B2",3279,"Kings 2015"
"1424","2015","Kings","B3",4501,"Kings 2015"
"1424","2015","Kings","B4",4499,"Kings 2015"
"1478","2015","Kings","B1",5859,"Kings 2015"
"1478","2015","Kings","B2",4970,"Kings 2015"
"1478","2015","Kings","B3",5568,"Kings 2015"
"1478","2015","Kings","B4",6272,"Kings 2015"
"1495","2015","Kings","B1",5418,"Kings 2015"
"1495","2015","Kings","B2",6538,"Kings 2015"
"1495","2015","Kings","B3",6044,"Kings 2015"
"1495","2015","Kings","B4",6114,"Kings 2015"
"1521","2015","Kings","B1",5949,"Kings 2015"
"1521","2015","Kings","B2",5670,"Kings 2015"
"1521","2015","Kings","B3",5851,"Kings 2015"
"1521","2015","Kings","B4",5822,"Kings 2015"
"1522","2015","Kings","B1",4278,"Kings 2015"
"1522","2015","Kings","B2",5690,"Kings 2015"
"1522","2015","Kings","B3",5542,"Kings 2015"
"1522","2015","Kings","B4",6165,"Kings 2015"
"1526","2015","Kings","B1",4691,"Kings 2015"
"1526","2015","Kings","B2",5889,"Kings 2015"
"1526","2015","Kings","B3",6021,"Kings 2015"
"1526","2015","Kings","B4",5312,"Kings 2015"
"1550","2015","Kings","B1",3313,"Kings 2015"
"1550","2015","Kings","B2",3268,"Kings 2015"
"1550","2015","Kings","B3",4552,"Kings 2015"
"1550","2015","Kings","B4",3493,"Kings 2015"
"1590","2015","Kings","B1",5278,"Kings 2015"
"1590","2015","Kings","B2",6929,"Kings 2015"
"1590","2015","Kings","B3",6975,"Kings 2015"
"1590","2015","Kings","B4",6647,"Kings 2015"
"1608","2015","Kings","B1",4220,"Kings 2015"
"1608","2015","Kings","B2",5457,"Kings 2015"
"1608","2015","Kings","B3",5281,"Kings 2015"
"1608","2015","Kings","B4",5702,"Kings 2015"
"1657","2015","Kings","B1",3505,"Kings 2015"
"1657","2015","Kings","B2",4785,"Kings 2015"
"1657","2015","Kings","B3",6205,"Kings 2015"
"1657","2015","Kings","B4",6279,"Kings 2015"
"1658","2015","Kings","B1",5518,"Kings 2015"
"1658","2015","Kings","B2",5580,"Kings 2015"
"1658","2015","Kings","B3",6419,"Kings 2015"
"1658","2015","Kings","B4",5435,"Kings 2015"
"1660","2015","Kings","B1",3939,"Kings 2015"
"1660","2015","Kings","B2",5536,"Kings 2015"
"1660","2015","Kings","B3",5792,"Kings 2015"
"1660","2015","Kings","B4",6190,"Kings 2015"
"1667","2015","Kings","B1",4053,"Kings 2015"
"1667","2015","Kings","B2",4169,"Kings 2015"
"1667","2015","Kings","B3",3624,"Kings 2015"
"1667","2015","Kings","B4",4074,"Kings 2015"
"1680","2015","Kings","B1",5413,"Kings 2015"
"1680","2015","Kings","B2",4771,"Kings 2015"
"1680","2015","Kings","B3",6347,"Kings 2015"
"1680","2015","Kings","B4",6036,"Kings 2015"
"1688","2015","Kings","B1",6264,"Kings 2015"
"1688","2015","Kings","B2",5616,"Kings 2015"
"1688","2015","Kings","B3",6175,"Kings 2015"
"1688","2015","Kings","B4",6139,"Kings 2015"
"1723","2015","Kings","B1",6152,"Kings 2015"
"1723","2015","Kings","B2",5170,"Kings 2015"
"1723","2015","Kings","B3",7212,"Kings 2015"
"1723","2015","Kings","B4",6509,"Kings 2015"
"1728","2015","Kings","B1",4776,"Kings 2015"
"1728","2015","Kings","B2",5595,"Kings 2015"
"1728","2015","Kings","B3",5007,"Kings 2015"
"1728","2015","Kings","B4",4967,"Kings 2015"
"1729","2015","Kings","B1",5479,"Kings 2015"
"1729","2015","Kings","B2",4290,"Kings 2015"
"1729","2015","Kings","B3",6124,"Kings 2015"
"1729","2015","Kings","B4",3886,"Kings 2015"
"1730","2015","Kings","B1",4081,"Kings 2015"
"1730","2015","Kings","B2",5013,"Kings 2015"
"1730","2015","Kings","B3",5669,"Kings 2015"
"1730","2015","Kings","B4",5816,"Kings 2015"
"1731","2015","Kings","B1",5053,"Kings 2015"
"1731","2015","Kings","B2",5652,"Kings 2015"
"1731","2015","Kings","B3",5429,"Kings 2015"
"1731","2015","Kings","B4",6610,"Kings 2015"
"1745","2015","Kings","B1",6442,"Kings 2015"
"1745","2015","Kings","B2",4601,"Kings 2015"
"1745","2015","Kings","B3",6049,"Kings 2015"
"1745","2015","Kings","B4",6232,"Kings 2015"
"1748","2015","Kings","B1",4234,"Kings 2015"
"1748","2015","Kings","B2",5656,"Kings 2015"
"1748","2015","Kings","B3",6419,"Kings 2015"
"1748","2015","Kings","B4",5523,"Kings 2015"
"1749","2015","Kings","B1",5623,"Kings 2015"
"1749","2015","Kings","B2",4497,"Kings 2015"
"1749","2015","Kings","B3",6170,"Kings 2015"
"1749","2015","Kings","B4",5880,"Kings 2015"
"1750","2015","Kings","B1",5630,"Kings 2015"
"1750","2015","Kings","B2",5474,"Kings 2015"
"1750","2015","Kings","B3",5751,"Kings 2015"
"1750","2015","Kings","B4",6021,"Kings 2015"
"1751","2015","Kings","B1",5054,"Kings 2015"
"1751","2015","Kings","B2",4456,"Kings 2015"
"1751","2015","Kings","B3",6569,"Kings 2015"
"1751","2015","Kings","B4",6588,"Kings 2015"
"1766","2015","Kings","B1",5142,"Kings 2015"
"1766","2015","Kings","B2",5179,"Kings 2015"
"1766","2015","Kings","B3",4700,"Kings 2015"
"1766","2015","Kings","B4",6631,"Kings 2015"
"1767","2015","Kings","B1",6740,"Kings 2015"
"1767","2015","Kings","B2",6295,"Kings 2015"
"1767","2015","Kings","B3",6049,"Kings 2015"
"1767","2015","Kings","B4",6384,"Kings 2015"
"1772","2015","Kings","B1",5710,"Kings 2015"
"1772","2015","Kings","B2",5264,"Kings 2015"
"1772","2015","Kings","B3",6529,"Kings 2015"
"1772","2015","Kings","B4",6095,"Kings 2015"
"1773","2015","Kings","B1",5484,"Kings 2015"
"1773","2015","Kings","B2",4362,"Kings 2015"
"1773","2015","Kings","B3",6709,"Kings 2015"
"1773","2015","Kings","B4",5636,"Kings 2015"
"1778","2015","Kings","B1",4093,"Kings 2015"
"1778","2015","Kings","B2",6102,"Kings 2015"
"1778","2015","Kings","B3",6513,"Kings 2015"
"1778","2015","Kings","B4",6354,"Kings 2015"
"1779","2015","Kings","B1",4085,"Kings 2015"
"1779","2015","Kings","B2",5139,"Kings 2015"
"1779","2015","Kings","B3",4581,"Kings 2015"
"1779","2015","Kings","B4",4693,"Kings 2015"
"1789","2015","Kings","B1",4679,"Kings 2015"
"1789","2015","Kings","B2",4951,"Kings 2015"
"1789","2015","Kings","B3",5611,"Kings 2015"
"1789","2015","Kings","B4",5556,"Kings 2015"
"1790","2015","Kings","B1",5812,"Kings 2015"
"1790","2015","Kings","B2",5322,"Kings 2015"
"1790","2015","Kings","B3",6769,"Kings 2015"
"1790","2015","Kings","B4",5646,"Kings 2015"
"1791","2015","Kings","B1",5223,"Kings 2015"
"1791","2015","Kings","B2",5494,"Kings 2015"
"1791","2015","Kings","B3",6577,"Kings 2015"
"1791","2015","Kings","B4",6631,"Kings 2015"
"1792","2015","Kings","B1",4956,"Kings 2015"
"1792","2015","Kings","B2",5513,"Kings 2015"
"1792","2015","Kings","B3",6198,"Kings 2015"
"1792","2015","Kings","B4",5620,"Kings 2015"
"1793","2015","Kings","B1",5854,"Kings 2015"
"1793","2015","Kings","B2",5251,"Kings 2015"
"1793","2015","Kings","B3",5608,"Kings 2015"
"1793","2015","Kings","B4",4328,"Kings 2015"
"1794","2015","Kings","B1",5609,"Kings 2015"
"1794","2015","Kings","B2",5809,"Kings 2015"
"1794","2015","Kings","B3",6371,"Kings 2015"
"1794","2015","Kings","B4",6135,"Kings 2015"
"1795","2015","Kings","B1",4863,"Kings 2015"
"1795","2015","Kings","B2",5583,"Kings 2015"
"1795","2015","Kings","B3",5222,"Kings 2015"
"1795","2015","Kings","B4",5939,"Kings 2015"
"1802","2015","Kings","B1",6343,"Kings 2015"
"1802","2015","Kings","B2",6594,"Kings 2015"
"1802","2015","Kings","B3",6780,"Kings 2015"
"1802","2015","Kings","B4",6328,"Kings 2015"
"1803","2015","Kings","B1",4127,"Kings 2015"
"1803","2015","Kings","B2",4754,"Kings 2015"
"1803","2015","Kings","B3",5709,"Kings 2015"
"1803","2015","Kings","B4",5610,"Kings 2015"
"1804","2015","Kings","B1",5304,"Kings 2015"
"1804","2015","Kings","B2",5409,"Kings 2015"
"1804","2015","Kings","B3",5220,"Kings 2015"
"1804","2015","Kings","B4",5628,"Kings 2015"
"1805","2015","Kings","B1",4938,"Kings 2015"
"1805","2015","Kings","B2",5779,"Kings 2015"
"1805","2015","Kings","B3",6217,"Kings 2015"
"1805","2015","Kings","B4",5681,"Kings 2015"
"1806","2015","Kings","B1",7169,"Kings 2015"
"1806","2015","Kings","B2",6667,"Kings 2015"
"1806","2015","Kings","B3",6779,"Kings 2015"
"1806","2015","Kings","B4",7059,"Kings 2015"
"1807","2015","Kings","B1",5469,"Kings 2015"
"1807","2015","Kings","B2",5336,"Kings 2015"
"1807","2015","Kings","B3",6591,"Kings 2015"
"1807","2015","Kings","B4",6705,"Kings 2015"
"1808","2015","Kings","B1",5380,"Kings 2015"
"1808","2015","Kings","B2",5246,"Kings 2015"
"1808","2015","Kings","B3",4788,"Kings 2015"
"1808","2015","Kings","B4",4448,"Kings 2015"
"112","2017","Kings","B1",6264,"Kings 2017"
"112","2017","Kings","B2",7256,"Kings 2017"
"112","2017","Kings","B3",7215,"Kings 2017"
"112","2017","Kings","B4",NA,"Kings 2017"
"1478","2017","Kings","B1",6843,"Kings 2017"
"1478","2017","Kings","B2",6553,"Kings 2017"
"1478","2017","Kings","B3",8476,"Kings 2017"
"1478","2017","Kings","B4",9348,"Kings 2017"
"1495","2017","Kings","B1",6840,"Kings 2017"
"1495","2017","Kings","B2",8029,"Kings 2017"
"1495","2017","Kings","B3",5388,"Kings 2017"
"1495","2017","Kings","B4",7589,"Kings 2017"
"1521","2017","Kings","B1",8535,"Kings 2017"
"1521","2017","Kings","B2",8249,"Kings 2017"
"1521","2017","Kings","B3",9313,"Kings 2017"
"1521","2017","Kings","B4",7173,"Kings 2017"
"1522","2017","Kings","B1",7027,"Kings 2017"
"1522","2017","Kings","B2",7188,"Kings 2017"
"1522","2017","Kings","B3",9006,"Kings 2017"
"1522","2017","Kings","B4",7615,"Kings 2017"
"1590","2017","Kings","B1",8851,"Kings 2017"
"1590","2017","Kings","B2",7982,"Kings 2017"
"1590","2017","Kings","B3",9081,"Kings 2017"
"1590","2017","Kings","B4",6985,"Kings 2017"
"1608","2017","Kings","B1",8053,"Kings 2017"
"1608","2017","Kings","B2",6872,"Kings 2017"
"1608","2017","Kings","B3",7591,"Kings 2017"
"1608","2017","Kings","B4",7105,"Kings 2017"
"1657","2017","Kings","B1",7640,"Kings 2017"
"1657","2017","Kings","B2",6846,"Kings 2017"
"1657","2017","Kings","B3",6315,"Kings 2017"
"1657","2017","Kings","B4",6273,"Kings 2017"
"1658","2017","Kings","B1",6244,"Kings 2017"
"1658","2017","Kings","B2",6163,"Kings 2017"
"1658","2017","Kings","B3",6837,"Kings 2017"
"1658","2017","Kings","B4",8521,"Kings 2017"
"1660","2017","Kings","B1",8330,"Kings 2017"
"1660","2017","Kings","B2",7562,"Kings 2017"
"1660","2017","Kings","B3",8229,"Kings 2017"
"1660","2017","Kings","B4",6726,"Kings 2017"
"1667","2017","Kings","B1",4461,"Kings 2017"
"1667","2017","Kings","B2",6500,"Kings 2017"
"1667","2017","Kings","B3",5011,"Kings 2017"
"1667","2017","Kings","B4",6436,"Kings 2017"
"1680","2017","Kings","B1",6102,"Kings 2017"
"1680","2017","Kings","B2",6267,"Kings 2017"
"1680","2017","Kings","B3",8117,"Kings 2017"
"1680","2017","Kings","B4",8262,"Kings 2017"
"1688","2017","Kings","B1",8009,"Kings 2017"
"1688","2017","Kings","B2",6915,"Kings 2017"
"1688","2017","Kings","B3",NA,"Kings 2017"
"1688","2017","Kings","B4",5339,"Kings 2017"
"1723","2017","Kings","B1",9305,"Kings 2017"
"1723","2017","Kings","B2",7068,"Kings 2017"
"1723","2017","Kings","B3",7778,"Kings 2017"
"1723","2017","Kings","B4",7184,"Kings 2017"
"1728","2017","Kings","B1",6065,"Kings 2017"
"1728","2017","Kings","B2",4667,"Kings 2017"
"1728","2017","Kings","B3",6436,"Kings 2017"
"1728","2017","Kings","B4",5881,"Kings 2017"
"1730","2017","Kings","B1",7205,"Kings 2017"
"1730","2017","Kings","B2",5897,"Kings 2017"
"1730","2017","Kings","B3",6848,"Kings 2017"
"1730","2017","Kings","B4",6968,"Kings 2017"
"1731","2017","Kings","B1",5634,"Kings 2017"
"1731","2017","Kings","B2",5310,"Kings 2017"
"1731","2017","Kings","B3",6971,"Kings 2017"
"1731","2017","Kings","B4",6023,"Kings 2017"
"1743","2017","Kings","B1",6973,"Kings 2017"
"1743","2017","Kings","B2",6253,"Kings 2017"
"1743","2017","Kings","B3",7432,"Kings 2017"
"1743","2017","Kings","B4",7457,"Kings 2017"
"1745","2017","Kings","B1",7465,"Kings 2017"
"1745","2017","Kings","B2",6194,"Kings 2017"
"1745","2017","Kings","B3",8693,"Kings 2017"
"1745","2017","Kings","B4",6931,"Kings 2017"
"1748","2017","Kings","B1",8163,"Kings 2017"
"1748","2017","Kings","B2",5038,"Kings 2017"
"1748","2017","Kings","B3",5257,"Kings 2017"
"1748","2017","Kings","B4",5563,"Kings 2017"
"1751","2017","Kings","B1",8124,"Kings 2017"
"1751","2017","Kings","B2",6686,"Kings 2017"
"1751","2017","Kings","B3",6820,"Kings 2017"
"1751","2017","Kings","B4",7393,"Kings 2017"
"1766","2017","Kings","B1",NA,"Kings 2017"
"1766","2017","Kings","B2",5839,"Kings 2017"
"1766","2017","Kings","B3",NA,"Kings 2017"
"1766","2017","Kings","B4",6778,"Kings 2017"
"1778","2017","Kings","B1",8609,"Kings 2017"
"1778","2017","Kings","B2",7040,"Kings 2017"
"1778","2017","Kings","B3",8367,"Kings 2017"
"1778","2017","Kings","B4",7349,"Kings 2017"
"1802","2017","Kings","B1",8117,"Kings 2017"
"1802","2017","Kings","B2",8005,"Kings 2017"
"1802","2017","Kings","B3",6770,"Kings 2017"
"1802","2017","Kings","B4",8753,"Kings 2017"
"1815","2017","Kings","B1",8019,"Kings 2017"
"1815","2017","Kings","B2",7376,"Kings 2017"
"1815","2017","Kings","B3",8631,"Kings 2017"
"1815","2017","Kings","B4",6657,"Kings 2017"
"1817","2017","Kings","B1",7094,"Kings 2017"
"1817","2017","Kings","B2",7161,"Kings 2017"
"1817","2017","Kings","B3",5532,"Kings 2017"
"1817","2017","Kings","B4",7158,"Kings 2017"
"1819","2017","Kings","B1",8382,"Kings 2017"
"1819","2017","Kings","B2",6406,"Kings 2017"
"1819","2017","Kings","B3",6577,"Kings 2017"
"1819","2017","Kings","B4",7407,"Kings 2017"
"1828","2017","Kings","B1",9324,"Kings 2017"
"1828","2017","Kings","B2",7602,"Kings 2017"
"1828","2017","Kings","B3",7453,"Kings 2017"
"1828","2017","Kings","B4",6534,"Kings 2017"
"1830","2017","Kings","B1",9417,"Kings 2017"
"1830","2017","Kings","B2",7461,"Kings 2017"
"1830","2017","Kings","B3",9401,"Kings 2017"
"1830","2017","Kings","B4",8872,"Kings 2017"
"1831","2017","Kings","B1",7748,"Kings 2017"
"1831","2017","Kings","B2",7826,"Kings 2017"
"1831","2017","Kings","B3",11047,"Kings 2017"
"1831","2017","Kings","B4",7385,"Kings 2017"
"1834","2017","Kings","B1",8236,"Kings 2017"
"1834","2017","Kings","B2",7468,"Kings 2017"
"1834","2017","Kings","B3",9077,"Kings 2017"
"1834","2017","Kings","B4",7905,"Kings 2017"
"1835","2017","Kings","B1",8410,"Kings 2017"
"1835","2017","Kings","B2",6690,"Kings 2017"
"1835","2017","Kings","B3",9252,"Kings 2017"
"1835","2017","Kings","B4",8059,"Kings 2017"
"1836","2017","Kings","B1",6443,"Kings 2017"
"1836","2017","Kings","B2",7178,"Kings 2017"
"1836","2017","Kings","B3",5910,"Kings 2017"
"1836","2017","Kings","B4",6104,"Kings 2017"
"1837","2017","Kings","B1",6542,"Kings 2017"
"1837","2017","Kings","B2",4002,"Kings 2017"
"1837","2017","Kings","B3",5344,"Kings 2017"
"1837","2017","Kings","B4",4923,"Kings 2017"
"1838","2017","Kings","B1",6338,"Kings 2017"
"1838","2017","Kings","B2",5450,"Kings 2017"
"1838","2017","Kings","B3",8093,"Kings 2017"
"1838","2017","Kings","B4",6982,"Kings 2017"
"1839","2017","Kings","B1",7321,"Kings 2017"
"1839","2017","Kings","B2",6994,"Kings 2017"
"1839","2017","Kings","B3",8130,"Kings 2017"
"1839","2017","Kings","B4",7771,"Kings 2017"
"1840","2017","Kings","B1",7208,"Kings 2017"
"1840","2017","Kings","B2",6388,"Kings 2017"
"1840","2017","Kings","B3",6581,"Kings 2017"
"1840","2017","Kings","B4",6255,"Kings 2017"
"1841","2017","Kings","B1",7210,"Kings 2017"
"1841","2017","Kings","B2",7700,"Kings 2017"
"1841","2017","Kings","B3",6801,"Kings 2017"
"1841","2017","Kings","B4",7793,"Kings 2017"
"1842","2017","Kings","B1",7925,"Kings 2017"
"1842","2017","Kings","B2",6534,"Kings 2017"
"1842","2017","Kings","B3",8281,"Kings 2017"
"1842","2017","Kings","B4",7002,"Kings 2017"
"1843","2017","Kings","B1",7163,"Kings 2017"
"1843","2017","Kings","B2",7883,"Kings 2017"
"1843","2017","Kings","B3",7886,"Kings 2017"
"1843","2017","Kings","B4",7639,"Kings 2017"
"1844","2017","Kings","B1",7059,"Kings 2017"
"1844","2017","Kings","B2",6667,"Kings 2017"
"1844","2017","Kings","B3",6645,"Kings 2017"
"1844","2017","Kings","B4",7271,"Kings 2017"
"1845","2017","Kings","B1",8365,"Kings 2017"
"1845","2017","Kings","B2",8805,"Kings 2017"
"1845","2017","Kings","B3",8138,"Kings 2017"
"1845","2017","Kings","B4",9253,"Kings 2017"
"1846","2017","Kings","B1",7847,"Kings 2017"
"1846","2017","Kings","B2",6362,"Kings 2017"
"1846","2017","Kings","B3",5888,"Kings 2017"
"1846","2017","Kings","B4",6195,"Kings 2017"
"1847","2017","Kings","B1",8054,"Kings 2017"
"1847","2017","Kings","B2",6684,"Kings 2017"
"1847","2017","Kings","B3",8446,"Kings 2017"
"1847","2017","Kings","B4",6331,"Kings 2017"
"20","2017","Kings","B1",7226,"Kings 2017"
"20","2017","Kings","B2",6370,"Kings 2017"
"20","2017","Kings","B3",7623,"Kings 2017"
"20","2017","Kings","B4",6437,"Kings 2017"
"1478","2016","Tulare","B1",3375,"Tulare 2016"
"1478","2016","Tulare","B2",2335,"Tulare 2016"
"1478","2016","Tulare","B3",2443,"Tulare 2016"
"1478","2016","Tulare","B4",2416,"Tulare 2016"
"1495","2016","Tulare","B1",2519,"Tulare 2016"
"1495","2016","Tulare","B2",2947,"Tulare 2016"
"1495","2016","Tulare","B3",2764,"Tulare 2016"
"1495","2016","Tulare","B4",2519,"Tulare 2016"
"1521","2016","Tulare","B1",1999,"Tulare 2016"
"1521","2016","Tulare","B2",3202,"Tulare 2016"
"1521","2016","Tulare","B3",2413,"Tulare 2016"
"1521","2016","Tulare","B4",2669,"Tulare 2016"
"1522","2016","Tulare","B1",2561,"Tulare 2016"
"1522","2016","Tulare","B2",2234,"Tulare 2016"
"1522","2016","Tulare","B3",2630,"Tulare 2016"
"1522","2016","Tulare","B4",2085,"Tulare 2016"
"1550","2016","Tulare","B1",2459,"Tulare 2016"
"1550","2016","Tulare","B2",2440,"Tulare 2016"
"1550","2016","Tulare","B3",3799,"Tulare 2016"
"1550","2016","Tulare","B4",2414,"Tulare 2016"
"1590","2016","Tulare","B1",2195,"Tulare 2016"
"1590","2016","Tulare","B2",1863,"Tulare 2016"
"1590","2016","Tulare","B3",2602,"Tulare 2016"
"1590","2016","Tulare","B4",2795,"Tulare 2016"
"1608","2016","Tulare","B1",2872,"Tulare 2016"
"1608","2016","Tulare","B2",2695,"Tulare 2016"
"1608","2016","Tulare","B3",2490,"Tulare 2016"
"1608","2016","Tulare","B4",2292,"Tulare 2016"
"1650","2016","Tulare","B1",2282,"Tulare 2016"
"1650","2016","Tulare","B2",2645,"Tulare 2016"
"1650","2016","Tulare","B3",3038,"Tulare 2016"
"1650","2016","Tulare","B4",2466,"Tulare 2016"
"1657","2016","Tulare","B1",2287,"Tulare 2016"
"1657","2016","Tulare","B2",2832,"Tulare 2016"
"1657","2016","Tulare","B3",2846,"Tulare 2016"
"1657","2016","Tulare","B4",2448,"Tulare 2016"
"1658","2016","Tulare","B1",2466,"Tulare 2016"
"1658","2016","Tulare","B2",2196,"Tulare 2016"
"1658","2016","Tulare","B3",2499,"Tulare 2016"
"1658","2016","Tulare","B4",2305,"Tulare 2016"
"1660","2016","Tulare","B1",3016,"Tulare 2016"
"1660","2016","Tulare","B2",2804,"Tulare 2016"
"1660","2016","Tulare","B3",3236,"Tulare 2016"
"1660","2016","Tulare","B4",2341,"Tulare 2016"
"1667","2016","Tulare","B1",1082,"Tulare 2016"
"1667","2016","Tulare","B2",1336,"Tulare 2016"
"1667","2016","Tulare","B3",1374,"Tulare 2016"
"1667","2016","Tulare","B4",1841,"Tulare 2016"
"1680","2016","Tulare","B1",2151,"Tulare 2016"
"1680","2016","Tulare","B2",1976,"Tulare 2016"
"1680","2016","Tulare","B3",1849,"Tulare 2016"
"1680","2016","Tulare","B4",1654,"Tulare 2016"
"1723","2016","Tulare","B1",2440,"Tulare 2016"
"1723","2016","Tulare","B2",2686,"Tulare 2016"
"1723","2016","Tulare","B3",2244,"Tulare 2016"
"1723","2016","Tulare","B4",2589,"Tulare 2016"
"1728","2016","Tulare","B1",2630,"Tulare 2016"
"1728","2016","Tulare","B2",2616,"Tulare 2016"
"1728","2016","Tulare","B3",2655,"Tulare 2016"
"1728","2016","Tulare","B4",2334,"Tulare 2016"
"1730","2016","Tulare","B1",3049,"Tulare 2016"
"1730","2016","Tulare","B2",2617,"Tulare 2016"
"1730","2016","Tulare","B3",2603,"Tulare 2016"
"1730","2016","Tulare","B4",2617,"Tulare 2016"
"1731","2016","Tulare","B1",2961,"Tulare 2016"
"1731","2016","Tulare","B2",2589,"Tulare 2016"
"1731","2016","Tulare","B3",2436,"Tulare 2016"
"1731","2016","Tulare","B4",2452,"Tulare 2016"
"1743","2016","Tulare","B1",2134,"Tulare 2016"
"1743","2016","Tulare","B2",1767,"Tulare 2016"
"1743","2016","Tulare","B3",1493,"Tulare 2016"
"1743","2016","Tulare","B4",1755,"Tulare 2016"
"1745","2016","Tulare","B1",2761,"Tulare 2016"
"1745","2016","Tulare","B2",2442,"Tulare 2016"
"1745","2016","Tulare","B3",2617,"Tulare 2016"
"1745","2016","Tulare","B4",2475,"Tulare 2016"
"1748","2016","Tulare","B1",2461,"Tulare 2016"
"1748","2016","Tulare","B2",2687,"Tulare 2016"
"1748","2016","Tulare","B3",1894,"Tulare 2016"
"1748","2016","Tulare","B4",2017,"Tulare 2016"
"1749","2016","Tulare","B1",1811,"Tulare 2016"
"1749","2016","Tulare","B2",2282,"Tulare 2016"
"1749","2016","Tulare","B3",2367,"Tulare 2016"
"1749","2016","Tulare","B4",2674,"Tulare 2016"
"1750","2016","Tulare","B1",2229,"Tulare 2016"
"1750","2016","Tulare","B2",2342,"Tulare 2016"
"1750","2016","Tulare","B3",2162,"Tulare 2016"
"1750","2016","Tulare","B4",2049,"Tulare 2016"
"1751","2016","Tulare","B1",2575,"Tulare 2016"
"1751","2016","Tulare","B2",2233,"Tulare 2016"
"1751","2016","Tulare","B3",2387,"Tulare 2016"
"1751","2016","Tulare","B4",2622,"Tulare 2016"
"1766","2016","Tulare","B1",1033,"Tulare 2016"
"1766","2016","Tulare","B2",831,"Tulare 2016"
"1766","2016","Tulare","B3",1136,"Tulare 2016"
"1766","2016","Tulare","B4",750,"Tulare 2016"
"1778","2016","Tulare","B1",1807,"Tulare 2016"
"1778","2016","Tulare","B2",1582,"Tulare 2016"
"1778","2016","Tulare","B3",1539,"Tulare 2016"
"1778","2016","Tulare","B4",2102,"Tulare 2016"
"1802","2016","Tulare","B1",2033,"Tulare 2016"
"1802","2016","Tulare","B2",1662,"Tulare 2016"
"1802","2016","Tulare","B3",2136,"Tulare 2016"
"1802","2016","Tulare","B4",2219,"Tulare 2016"
"1807","2016","Tulare","B1",2759,"Tulare 2016"
"1807","2016","Tulare","B2",2740,"Tulare 2016"
"1807","2016","Tulare","B3",3741,"Tulare 2016"
"1807","2016","Tulare","B4",2032,"Tulare 2016"
"1814","2016","Tulare","B1",2138,"Tulare 2016"
"1814","2016","Tulare","B2",2476,"Tulare 2016"
"1814","2016","Tulare","B3",3214,"Tulare 2016"
"1814","2016","Tulare","B4",2001,"Tulare 2016"
"1815","2016","Tulare","B1",2221,"Tulare 2016"
"1815","2016","Tulare","B2",2303,"Tulare 2016"
"1815","2016","Tulare","B3",2970,"Tulare 2016"
"1815","2016","Tulare","B4",2432,"Tulare 2016"
"1816","2016","Tulare","B1",2368,"Tulare 2016"
"1816","2016","Tulare","B2",2337,"Tulare 2016"
"1816","2016","Tulare","B3",2122,"Tulare 2016"
"1816","2016","Tulare","B4",2602,"Tulare 2016"
"1817","2016","Tulare","B1",2645,"Tulare 2016"
"1817","2016","Tulare","B2",2429,"Tulare 2016"
"1817","2016","Tulare","B3",3309,"Tulare 2016"
"1817","2016","Tulare","B4",2674,"Tulare 2016"
"1818","2016","Tulare","B1",2502,"Tulare 2016"
"1818","2016","Tulare","B2",2042,"Tulare 2016"
"1818","2016","Tulare","B3",3063,"Tulare 2016"
"1818","2016","Tulare","B4",2238,"Tulare 2016"
"1819","2016","Tulare","B1",2633,"Tulare 2016"
"1819","2016","Tulare","B2",2632,"Tulare 2016"
"1819","2016","Tulare","B3",2485,"Tulare 2016"
"1819","2016","Tulare","B4",2862,"Tulare 2016"
"1820","2016","Tulare","B1",2848,"Tulare 2016"
"1820","2016","Tulare","B2",2747,"Tulare 2016"
"1820","2016","Tulare","B3",2914,"Tulare 2016"
"1820","2016","Tulare","B4",2363,"Tulare 2016"
"1821","2016","Tulare","B1",2319,"Tulare 2016"
"1821","2016","Tulare","B2",2589,"Tulare 2016"
"1821","2016","Tulare","B3",2513,"Tulare 2016"
"1821","2016","Tulare","B4",1951,"Tulare 2016"
"1828","2016","Tulare","B1",2750,"Tulare 2016"
"1828","2016","Tulare","B2",2944,"Tulare 2016"
"1828","2016","Tulare","B3",2746,"Tulare 2016"
"1828","2016","Tulare","B4",2233,"Tulare 2016"
"1829","2016","Tulare","B1",2324,"Tulare 2016"
"1829","2016","Tulare","B2",2698,"Tulare 2016"
"1829","2016","Tulare","B3",2510,"Tulare 2016"
"1829","2016","Tulare","B4",1861,"Tulare 2016"
"1830","2016","Tulare","B1",1849,"Tulare 2016"
"1830","2016","Tulare","B2",2383,"Tulare 2016"
"1830","2016","Tulare","B3",2531,"Tulare 2016"
"1830","2016","Tulare","B4",2195,"Tulare 2016"
"1831","2016","Tulare","B1",2198,"Tulare 2016"
"1831","2016","Tulare","B2",2801,"Tulare 2016"
"1831","2016","Tulare","B3",2811,"Tulare 2016"
"1831","2016","Tulare","B4",2631,"Tulare 2016"
"20","2016","Tulare","B1",2287,"Tulare 2016"
"20","2016","Tulare","B2",1829,"Tulare 2016"
"20","2016","Tulare","B3",2522,"Tulare 2016"
"20","2016","Tulare","B4",2674,"Tulare 2016"
"112","2017","Tulare","B1",NA,"Tulare 2017"
"112","2017","Tulare","B2",3549,"Tulare 2017"
"112","2017","Tulare","B3",4389,"Tulare 2017"
"112","2017","Tulare","B4",4093,"Tulare 2017"
"1478","2017","Tulare","B1",3450,"Tulare 2017"
"1478","2017","Tulare","B2",4401,"Tulare 2017"
"1478","2017","Tulare","B3",5262,"Tulare 2017"
"1478","2017","Tulare","B4",5169,"Tulare 2017"
"1495","2017","Tulare","B1",3086,"Tulare 2017"
"1495","2017","Tulare","B2",3112,"Tulare 2017"
"1495","2017","Tulare","B3",4404,"Tulare 2017"
"1495","2017","Tulare","B4",4520,"Tulare 2017"
"1521","2017","Tulare","B1",3842,"Tulare 2017"
"1521","2017","Tulare","B2",3958,"Tulare 2017"
"1521","2017","Tulare","B3",4080,"Tulare 2017"
"1521","2017","Tulare","B4",3799,"Tulare 2017"
"1522","2017","Tulare","B1",3370,"Tulare 2017"
"1522","2017","Tulare","B2",3347,"Tulare 2017"
"1522","2017","Tulare","B3",3761,"Tulare 2017"
"1522","2017","Tulare","B4",3744,"Tulare 2017"
"1590","2017","Tulare","B1",3893,"Tulare 2017"
"1590","2017","Tulare","B2",3642,"Tulare 2017"
"1590","2017","Tulare","B3",3213,"Tulare 2017"
"1590","2017","Tulare","B4",3922,"Tulare 2017"
"1608","2017","Tulare","B1",2527,"Tulare 2017"
"1608","2017","Tulare","B2",3633,"Tulare 2017"
"1608","2017","Tulare","B3",3207,"Tulare 2017"
"1608","2017","Tulare","B4",3265,"Tulare 2017"
"1657","2017","Tulare","B1",3073,"Tulare 2017"
"1657","2017","Tulare","B2",4201,"Tulare 2017"
"1657","2017","Tulare","B3",4112,"Tulare 2017"
"1657","2017","Tulare","B4",4590,"Tulare 2017"
"1658","2017","Tulare","B1",3651,"Tulare 2017"
"1658","2017","Tulare","B2",4425,"Tulare 2017"
"1658","2017","Tulare","B3",3992,"Tulare 2017"
"1658","2017","Tulare","B4",5240,"Tulare 2017"
"1660","2017","Tulare","B1",4009,"Tulare 2017"
"1660","2017","Tulare","B2",3475,"Tulare 2017"
"1660","2017","Tulare","B3",3995,"Tulare 2017"
"1660","2017","Tulare","B4",4167,"Tulare 2017"
"1667","2017","Tulare","B1",1971,"Tulare 2017"
"1667","2017","Tulare","B2",1792,"Tulare 2017"
"1667","2017","Tulare","B3",1311,"Tulare 2017"
"1667","2017","Tulare","B4",2377,"Tulare 2017"
"1680","2017","Tulare","B1",3540,"Tulare 2017"
"1680","2017","Tulare","B2",3102,"Tulare 2017"
"1680","2017","Tulare","B3",4499,"Tulare 2017"
"1680","2017","Tulare","B4",3594,"Tulare 2017"
"1688","2017","Tulare","B1",3117,"Tulare 2017"
"1688","2017","Tulare","B2",4342,"Tulare 2017"
"1688","2017","Tulare","B3",3826,"Tulare 2017"
"1688","2017","Tulare","B4",4441,"Tulare 2017"
"1723","2017","Tulare","B1",4594,"Tulare 2017"
"1723","2017","Tulare","B2",4822,"Tulare 2017"
"1723","2017","Tulare","B3",5983,"Tulare 2017"
"1723","2017","Tulare","B4",4605,"Tulare 2017"
"1728","2017","Tulare","B1",2892,"Tulare 2017"
"1728","2017","Tulare","B2",4164,"Tulare 2017"
"1728","2017","Tulare","B3",3457,"Tulare 2017"
"1728","2017","Tulare","B4",4476,"Tulare 2017"
"1730","2017","Tulare","B1",3500,"Tulare 2017"
"1730","2017","Tulare","B2",3214,"Tulare 2017"
"1730","2017","Tulare","B3",3631,"Tulare 2017"
"1730","2017","Tulare","B4",4149,"Tulare 2017"
"1731","2017","Tulare","B1",3581,"Tulare 2017"
"1731","2017","Tulare","B2",3751,"Tulare 2017"
"1731","2017","Tulare","B3",3750,"Tulare 2017"
"1731","2017","Tulare","B4",4057,"Tulare 2017"
"1743","2017","Tulare","B1",3643,"Tulare 2017"
"1743","2017","Tulare","B2",3591,"Tulare 2017"
"1743","2017","Tulare","B3",4178,"Tulare 2017"
"1743","2017","Tulare","B4",3781,"Tulare 2017"
"1745","2017","Tulare","B1",3358,"Tulare 2017"
"1745","2017","Tulare","B2",3596,"Tulare 2017"
"1745","2017","Tulare","B3",3688,"Tulare 2017"
"1745","2017","Tulare","B4",4022,"Tulare 2017"
"1748","2017","Tulare","B1",4079,"Tulare 2017"
"1748","2017","Tulare","B2",4117,"Tulare 2017"
"1748","2017","Tulare","B3",4324,"Tulare 2017"
"1748","2017","Tulare","B4",4687,"Tulare 2017"
"1751","2017","Tulare","B1",3003,"Tulare 2017"
"1751","2017","Tulare","B2",3916,"Tulare 2017"
"1751","2017","Tulare","B3",3837,"Tulare 2017"
"1751","2017","Tulare","B4",4360,"Tulare 2017"
"1766","2017","Tulare","B1",1204,"Tulare 2017"
"1766","2017","Tulare","B2",2719,"Tulare 2017"
"1766","2017","Tulare","B3",1567,"Tulare 2017"
"1766","2017","Tulare","B4",2689,"Tulare 2017"
"1778","2017","Tulare","B1",2548,"Tulare 2017"
"1778","2017","Tulare","B2",3227,"Tulare 2017"
"1778","2017","Tulare","B3",3476,"Tulare 2017"
"1778","2017","Tulare","B4",2750,"Tulare 2017"
"1802","2017","Tulare","B1",3729,"Tulare 2017"
"1802","2017","Tulare","B2",3997,"Tulare 2017"
"1802","2017","Tulare","B3",3911,"Tulare 2017"
"1802","2017","Tulare","B4",3732,"Tulare 2017"
"1815","2017","Tulare","B1",3812,"Tulare 2017"
"1815","2017","Tulare","B2",4390,"Tulare 2017"
"1815","2017","Tulare","B3",4659,"Tulare 2017"
"1815","2017","Tulare","B4",5022,"Tulare 2017"
"1817","2017","Tulare","B1",3497,"Tulare 2017"
"1817","2017","Tulare","B2",4301,"Tulare 2017"
"1817","2017","Tulare","B3",4351,"Tulare 2017"
"1817","2017","Tulare","B4",4792,"Tulare 2017"
"1819","2017","Tulare","B1",2647,"Tulare 2017"
"1819","2017","Tulare","B2",3949,"Tulare 2017"
"1819","2017","Tulare","B3",4016,"Tulare 2017"
"1819","2017","Tulare","B4",4434,"Tulare 2017"
"1828","2017","Tulare","B1",4860,"Tulare 2017"
"1828","2017","Tulare","B2",3141,"Tulare 2017"
"1828","2017","Tulare","B3",4419,"Tulare 2017"
"1828","2017","Tulare","B4",5238,"Tulare 2017"
"1830","2017","Tulare","B1",3569,"Tulare 2017"
"1830","2017","Tulare","B2",3259,"Tulare 2017"
"1830","2017","Tulare","B3",4202,"Tulare 2017"
"1830","2017","Tulare","B4",4272,"Tulare 2017"
"1831","2017","Tulare","B1",3500,"Tulare 2017"
"1831","2017","Tulare","B2",3978,"Tulare 2017"
"1831","2017","Tulare","B3",4040,"Tulare 2017"
"1831","2017","Tulare","B4",4848,"Tulare 2017"
"1834","2017","Tulare","B1",3381,"Tulare 2017"
"1834","2017","Tulare","B2",3843,"Tulare 2017"
"1834","2017","Tulare","B3",4339,"Tulare 2017"
"1834","2017","Tulare","B4",3834,"Tulare 2017"
"1835","2017","Tulare","B1",3706,"Tulare 2017"
"1835","2017","Tulare","B2",3741,"Tulare 2017"
"1835","2017","Tulare","B3",3688,"Tulare 2017"
"1835","2017","Tulare","B4",4689,"Tulare 2017"
"1836","2017","Tulare","B1",2674,"Tulare 2017"
"1836","2017","Tulare","B2",2470,"Tulare 2017"
"1836","2017","Tulare","B3",3796,"Tulare 2017"
"1836","2017","Tulare","B4",3567,"Tulare 2017"
"1837","2017","Tulare","B1",5002,"Tulare 2017"
"1837","2017","Tulare","B2",3413,"Tulare 2017"
"1837","2017","Tulare","B3",4731,"Tulare 2017"
"1837","2017","Tulare","B4",3897,"Tulare 2017"
"1838","2017","Tulare","B1",3404,"Tulare 2017"
"1838","2017","Tulare","B2",3875,"Tulare 2017"
"1838","2017","Tulare","B3",3829,"Tulare 2017"
"1838","2017","Tulare","B4",4393,"Tulare 2017"
"1839","2017","Tulare","B1",4102,"Tulare 2017"
"1839","2017","Tulare","B2",4067,"Tulare 2017"
"1839","2017","Tulare","B3",4657,"Tulare 2017"
"1839","2017","Tulare","B4",4651,"Tulare 2017"
"1840","2017","Tulare","B1",3434,"Tulare 2017"
"1840","2017","Tulare","B2",5087,"Tulare 2017"
"1840","2017","Tulare","B3",4903,"Tulare 2017"
"1840","2017","Tulare","B4",5180,"Tulare 2017"
"1841","2017","Tulare","B1",4074,"Tulare 2017"
"1841","2017","Tulare","B2",4393,"Tulare 2017"
"1841","2017","Tulare","B3",4694,"Tulare 2017"
"1841","2017","Tulare","B4",4185,"Tulare 2017"
"1842","2017","Tulare","B1",3729,"Tulare 2017"
"1842","2017","Tulare","B2",3590,"Tulare 2017"
"1842","2017","Tulare","B3",4391,"Tulare 2017"
"1842","2017","Tulare","B4",4141,"Tulare 2017"
"1843","2017","Tulare","B1",3699,"Tulare 2017"
"1843","2017","Tulare","B2",3708,"Tulare 2017"
"1843","2017","Tulare","B3",3241,"Tulare 2017"
"1843","2017","Tulare","B4",4590,"Tulare 2017"
"1844","2017","Tulare","B1",3552,"Tulare 2017"
"1844","2017","Tulare","B2",4056,"Tulare 2017"
"1844","2017","Tulare","B3",3720,"Tulare 2017"
"1844","2017","Tulare","B4",4589,"Tulare 2017"
"1845","2017","Tulare","B1",4444,"Tulare 2017"
"1845","2017","Tulare","B2",4133,"Tulare 2017"
"1845","2017","Tulare","B3",3916,"Tulare 2017"
"1845","2017","Tulare","B4",3604,"Tulare 2017"
"1846","2017","Tulare","B1",3481,"Tulare 2017"
"1846","2017","Tulare","B2",4185,"Tulare 2017"
"1846","2017","Tulare","B3",3926,"Tulare 2017"
"1846","2017","Tulare","B4",3914,"Tulare 2017"
"1847","2017","Tulare","B1",2996,"Tulare 2017"
"1847","2017","Tulare","B2",3902,"Tulare 2017"
"1847","2017","Tulare","B3",3896,"Tulare 2017"
"1847","2017","Tulare","B4",4402,"Tulare 2017"
"20","2017","Tulare","B1",2488,"Tulare 2017"
"20","2017","Tulare","B2",3144,"Tulare 2017"
"20","2017","Tulare","B3",3503,"Tulare 2017"
"20","2017","Tulare","B4",2766,"Tulare 2017"
"1874","2018","Colusa","B1",11090,"Colusa 2018"
"1658","2018","Colusa","B1",10693,"Colusa 2018"
"1817","2018","Colusa","B1",9005,"Colusa 2018"
"1751","2018","Colusa","B1",10272,"Colusa 2018"
"1658","2018","Colusa","B2",10248,"Colusa 2018"
"1743","2018","Colusa","B2",8793,"Colusa 2018"
"1880","2018","Colusa","B2",9478,"Colusa 2018"
"1879","2018","Colusa","B2",6493,"Colusa 2018"
"1874","2018","Colusa","B3",10330,"Colusa 2018"
"1885","2018","Colusa","B3",9205,"Colusa 2018"
"1745","2018","Colusa","B3",11101,"Colusa 2018"
"1882","2018","Colusa","B4",9406,"Colusa 2018"
"1842","2018","Colusa","B4",10052,"Colusa 2018"
"1495","2018","Colusa","B4",9736,"Colusa 2018"
"1875","2018","Colusa","B1",9302,"Colusa 2018"
"1880","2018","Colusa","B1",9714,"Colusa 2018"
"1495","2018","Colusa","B1",8475,"Colusa 2018"
"1728","2018","Colusa","B1",8240,"Colusa 2018"
"1888","2018","Colusa","B2",10688,"Colusa 2018"
"1521","2018","Colusa","B2",9533,"Colusa 2018"
"1478","2018","Colusa","B2",8929,"Colusa 2018"
"1478","2018","Colusa","B3",9936,"Colusa 2018"
"1743","2018","Colusa","B3",9728,"Colusa 2018"
"1723","2018","Colusa","B3",10115,"Colusa 2018"
"1842","2018","Colusa","B3",9337,"Colusa 2018"
"1875","2018","Colusa","B3",9445,"Colusa 2018"
"1880","2018","Colusa","B4",9657,"Colusa 2018"
"1885","2018","Colusa","B4",8258,"Colusa 2018"
"1847","2018","Colusa","B4",8886,"Colusa 2018"
"1883","2018","Colusa","B4",8238,"Colusa 2018"
"1748","2018","Colusa","B4",7340,"Colusa 2018"
"1878","2018","Colusa","B1",8242,"Colusa 2018"
"1815","2018","Colusa","B1",8935,"Colusa 2018"
"1680","2018","Colusa","B1",10066,"Colusa 2018"
"1831","2018","Colusa","B2",7308,"Colusa 2018"
"1751","2018","Colusa","B2",10707,"Colusa 2018"
"1658","2018","Colusa","B3",10617,"Colusa 2018"
"1887","2018","Colusa","B3",11369,"Colusa 2018"
"1680","2018","Colusa","B4",9432,"Colusa 2018"
"112","2018","Colusa","B4",7204,"Colusa 2018"
"1522","2018","Colusa","B4",9316,"Colusa 2018"
"1876","2018","Colusa","B1",7467,"Colusa 2018"
"1882","2018","Colusa","B1",9181,"Colusa 2018"
"1743","2018","Colusa","B1",8818,"Colusa 2018"
"1731","2018","Colusa","B1",9286,"Colusa 2018"
"1877","2018","Colusa","B2",9417,"Colusa 2018"
"1817","2018","Colusa","B2",9430,"Colusa 2018"
"1874","2018","Colusa","B2",9127,"Colusa 2018"
"1731","2018","Colusa","B3",6440,"Colusa 2018"
"1886","2018","Colusa","B3",10029,"Colusa 2018"
"1884","2018","Colusa","B3",8564,"Colusa 2018"
"1817","2018","Colusa","B3",8437,"Colusa 2018"
"1723","2018","Colusa","B4",10954,"Colusa 2018"
"1874","2018","Colusa","B4",10146,"Colusa 2018"
"1478","2018","Colusa","B4",8960,"Colusa 2018"
"1835","2018","Colusa","B4",10189,"Colusa 2018"
"1830","2018","Colusa","B1",11804,"Colusa 2018"
"1877","2018","Colusa","B1",6580,"Colusa 2018"
"1883","2018","Colusa","B1",10109,"Colusa 2018"
"1745","2018","Colusa","B1",9981,"Colusa 2018"
"1887","2018","Colusa","B1",7992,"Colusa 2018"
"1882","2018","Colusa","B2",10055,"Colusa 2018"
"1875","2018","Colusa","B2",10069,"Colusa 2018"
"1495","2018","Colusa","B2",10844,"Colusa 2018"
"1815","2018","Colusa","B3",10219,"Colusa 2018"
"1882","2018","Colusa","B3",10235,"Colusa 2018"
"1751","2018","Colusa","B3",11351,"Colusa 2018"
"1878","2018","Colusa","B3",10007,"Colusa 2018"
"1830","2018","Colusa","B4",10865,"Colusa 2018"
"1745","2018","Colusa","B4",7512,"Colusa 2018"
"1817","2018","Colusa","B4",10117,"Colusa 2018"
"1831","2018","Colusa","B1",10431,"Colusa 2018"
"1835","2018","Colusa","B1",9889,"Colusa 2018"
"1884","2018","Colusa","B1",8864,"Colusa 2018"
"1888","2018","Colusa","B1",11291,"Colusa 2018"
"1723","2018","Colusa","B2",11372,"Colusa 2018"
"1728","2018","Colusa","B2",8163,"Colusa 2018"
"1680","2018","Colusa","B2",10257,"Colusa 2018"
"1728","2018","Colusa","B3",9162,"Colusa 2018"
"1802","2018","Colusa","B3",9909,"Colusa 2018"
"1522","2018","Colusa","B3",9989,"Colusa 2018"
"1680","2018","Colusa","B3",11402,"Colusa 2018"
"1521","2018","Colusa","B4",10829,"Colusa 2018"
"1657","2018","Colusa","B1",7753,"Colusa 2018"
"1885","2018","Colusa","B1",10451,"Colusa 2018"
"1748","2018","Colusa","B1",9854,"Colusa 2018"
"1886","2018","Colusa","B1",11040,"Colusa 2018"
"1815","2018","Colusa","B2",11506,"Colusa 2018"
"1885","2018","Colusa","B2",9642,"Colusa 2018"
"1748","2018","Colusa","B2",11603,"Colusa 2018"
"112","2018","Colusa","B2",7667,"Colusa 2018"
"1888","2018","Colusa","B3",11078,"Colusa 2018"
"1835","2018","Colusa","B3",11611,"Colusa 2018"
"1880","2018","Colusa","B3",10502,"Colusa 2018"
"1730","2018","Colusa","B3",10893,"Colusa 2018"
"1495","2018","Colusa","B3",11754,"Colusa 2018"
"1658","2018","Colusa","B4",9922,"Colusa 2018"
"1522","2018","Colusa","B1",8292,"Colusa 2018"
"1730","2018","Colusa","B1",8487,"Colusa 2018"
"1522","2018","Colusa","B2",10039,"Colusa 2018"
"1730","2018","Colusa","B2",10652,"Colusa 2018"
"1745","2018","Colusa","B2",10599,"Colusa 2018"
"1879","2018","Colusa","B3",8304,"Colusa 2018"
"112","2018","Colusa","B3",7819,"Colusa 2018"
"1778","2018","Colusa","B3",8550,"Colusa 2018"
"1879","2018","Colusa","B4",8630,"Colusa 2018"
"1751","2018","Colusa","B4",9636,"Colusa 2018"
"1728","2018","Colusa","B4",10057,"Colusa 2018"
"1478","2018","Colusa","B1",9671,"Colusa 2018"
"1842","2018","Colusa","B1",10513,"Colusa 2018"
"1835","2018","Colusa","B2",11996,"Colusa 2018"
"1883","2018","Colusa","B2",10731,"Colusa 2018"
"1521","2018","Colusa","B3",10688,"Colusa 2018"
"1748","2018","Colusa","B3",11090,"Colusa 2018"
"1884","2018","Colusa","B4",9399,"Colusa 2018"
"1521","2018","Colusa","B1",11339,"Colusa 2018"
"1847","2018","Colusa","B1",10024,"Colusa 2018"
"1879","2018","Colusa","B1",9790,"Colusa 2018"
"1876","2018","Colusa","B2",11539,"Colusa 2018"
"1842","2018","Colusa","B2",12886,"Colusa 2018"
"1847","2018","Colusa","B3",9366,"Colusa 2018"
"1883","2018","Colusa","B3",10990,"Colusa 2018"
"1830","2018","Colusa","B3",10159,"Colusa 2018"
"1876","2018","Colusa","B3",9564,"Colusa 2018"
"1815","2018","Colusa","B4",11338,"Colusa 2018"
"1743","2018","Colusa","B4",9016,"Colusa 2018"
"1874","2018","Yolo1","B1",6660,"Yolo1 2018"
"1658","2018","Yolo1","B1",6775,"Yolo1 2018"
"1817","2018","Yolo1","B1",7492,"Yolo1 2018"
"1751","2018","Yolo1","B1",6608,"Yolo1 2018"
"1835","2018","Yolo1","B2",6561,"Yolo1 2018"
"1875","2018","Yolo1","B2",7550,"Yolo1 2018"
"1657","2018","Yolo1","B2",6822,"Yolo1 2018"
"1723","2018","Yolo1","B2",9106,"Yolo1 2018"
"1877","2018","Yolo1","B3",8750,"Yolo1 2018"
"1748","2018","Yolo1","B3",6795,"Yolo1 2018"
"1495","2018","Yolo1","B3",7664,"Yolo1 2018"
"1723","2018","Yolo1","B3",7793,"Yolo1 2018"
"1835","2018","Yolo1","B4",7330,"Yolo1 2018"
"1745","2018","Yolo1","B4",7778,"Yolo1 2018"
"1875","2018","Yolo1","B1",7586,"Yolo1 2018"
"1880","2018","Yolo1","B1",7347,"Yolo1 2018"
"1495","2018","Yolo1","B1",8154,"Yolo1 2018"
"1728","2018","Yolo1","B1",6381,"Yolo1 2018"
"1876","2018","Yolo1","B2",7555,"Yolo1 2018"
"1815","2018","Yolo1","B2",9344,"Yolo1 2018"
"1831","2018","Yolo1","B2",9634,"Yolo1 2018"
"1522","2018","Yolo1","B2",9115,"Yolo1 2018"
"1680","2018","Yolo1","B3",8245,"Yolo1 2018"
"1885","2018","Yolo1","B3",8457,"Yolo1 2018"
"1817","2018","Yolo1","B3",8894,"Yolo1 2018"
"1751","2018","Yolo1","B4",8124,"Yolo1 2018"
"1658","2018","Yolo1","B4",8647,"Yolo1 2018"
"1522","2018","Yolo1","B4",7588,"Yolo1 2018"
"1731","2018","Yolo1","B4",6478,"Yolo1 2018"
"1876","2018","Yolo1","B4",8462,"Yolo1 2018"
"1778","2018","Yolo1","B1",5919,"Yolo1 2018"
"1815","2018","Yolo1","B1",9038,"Yolo1 2018"
"1680","2018","Yolo1","B1",8959,"Yolo1 2018"
"1478","2018","Yolo1","B2",7854,"Yolo1 2018"
"1728","2018","Yolo1","B2",7335,"Yolo1 2018"
"1745","2018","Yolo1","B2",9053,"Yolo1 2018"
"1888","2018","Yolo1","B3",9180,"Yolo1 2018"
"1815","2018","Yolo1","B3",8514,"Yolo1 2018"
"1778","2018","Yolo1","B4",7148,"Yolo1 2018"
"1521","2018","Yolo1","B4",8757,"Yolo1 2018"
"1885","2018","Yolo1","B4",6850,"Yolo1 2018"
"112","2018","Yolo1","B4",6675,"Yolo1 2018"
"1882","2018","Yolo1","B1",7849,"Yolo1 2018"
"1743","2018","Yolo1","B1",7568,"Yolo1 2018"
"1731","2018","Yolo1","B1",6452,"Yolo1 2018"
"1658","2018","Yolo1","B2",7861,"Yolo1 2018"
"1778","2018","Yolo1","B2",7284,"Yolo1 2018"
"1882","2018","Yolo1","B2",8528,"Yolo1 2018"
"1885","2018","Yolo1","B2",6505,"Yolo1 2018"
"1831","2018","Yolo1","B3",8308,"Yolo1 2018"
"1887","2018","Yolo1","B3",9128,"Yolo1 2018"
"1878","2018","Yolo1","B3",9102,"Yolo1 2018"
"1835","2018","Yolo1","B3",8078,"Yolo1 2018"
"1658","2018","Yolo1","B3",8483,"Yolo1 2018"
"1728","2018","Yolo1","B4",6186,"Yolo1 2018"
"1883","2018","Yolo1","B4",7657,"Yolo1 2018"
"1748","2018","Yolo1","B4",6827,"Yolo1 2018"
"1743","2018","Yolo1","B4",7543,"Yolo1 2018"
"1723","2018","Yolo1","B4",8798,"Yolo1 2018"
"1830","2018","Yolo1","B1",8223,"Yolo1 2018"
"1876","2018","Yolo1","B1",9667,"Yolo1 2018"
"1883","2018","Yolo1","B1",8079,"Yolo1 2018"
"1745","2018","Yolo1","B1",8190,"Yolo1 2018"
"1887","2018","Yolo1","B1",7470,"Yolo1 2018"
"1888","2018","Yolo1","B2",8059,"Yolo1 2018"
"1495","2018","Yolo1","B2",9183,"Yolo1 2018"
"1817","2018","Yolo1","B2",8226,"Yolo1 2018"
"1879","2018","Yolo1","B3",5770,"Yolo1 2018"
"1728","2018","Yolo1","B3",6433,"Yolo1 2018"
"1880","2018","Yolo1","B3",7666,"Yolo1 2018"
"1751","2018","Yolo1","B3",7604,"Yolo1 2018"
"1875","2018","Yolo1","B3",6952,"Yolo1 2018"
"1830","2018","Yolo1","B4",8351,"Yolo1 2018"
"1817","2018","Yolo1","B4",7664,"Yolo1 2018"
"1831","2018","Yolo1","B4",7118,"Yolo1 2018"
"1882","2018","Yolo1","B4",7461,"Yolo1 2018"
"1831","2018","Yolo1","B1",8743,"Yolo1 2018"
"1877","2018","Yolo1","B1",8779,"Yolo1 2018"
"1802","2018","Yolo1","B1",10064,"Yolo1 2018"
"1888","2018","Yolo1","B1",8901,"Yolo1 2018"
"1743","2018","Yolo1","B2",8028,"Yolo1 2018"
"1731","2018","Yolo1","B2",6908,"Yolo1 2018"
"1730","2018","Yolo1","B2",7902,"Yolo1 2018"
"112","2018","Yolo1","B2",7565,"Yolo1 2018"
"1751","2018","Yolo1","B2",8050,"Yolo1 2018"
"1778","2018","Yolo1","B3",7391,"Yolo1 2018"
"1884","2018","Yolo1","B3",8050,"Yolo1 2018"
"1802","2018","Yolo1","B3",7955,"Yolo1 2018"
"112","2018","Yolo1","B3",6307,"Yolo1 2018"
"1880","2018","Yolo1","B4",8502,"Yolo1 2018"
"1802","2018","Yolo1","B4",8934,"Yolo1 2018"
"1879","2018","Yolo1","B4",5303,"Yolo1 2018"
"1723","2018","Yolo1","B1",7551,"Yolo1 2018"
"1835","2018","Yolo1","B1",9230,"Yolo1 2018"
"1885","2018","Yolo1","B1",6681,"Yolo1 2018"
"1748","2018","Yolo1","B1",7202,"Yolo1 2018"
"1886","2018","Yolo1","B1",8075,"Yolo1 2018"
"1883","2018","Yolo1","B2",8326,"Yolo1 2018"
"1876","2018","Yolo1","B3",7834,"Yolo1 2018"
"1830","2018","Yolo1","B3",7986,"Yolo1 2018"
"1874","2018","Yolo1","B4",7979,"Yolo1 2018"
"1877","2018","Yolo1","B4",7937,"Yolo1 2018"
"1495","2018","Yolo1","B4",7886,"Yolo1 2018"
"1888","2018","Yolo1","B4",7680,"Yolo1 2018"
"1730","2018","Yolo1","B1",7414,"Yolo1 2018"
"1830","2018","Yolo1","B2",9400,"Yolo1 2018"
"1879","2018","Yolo1","B2",6809,"Yolo1 2018"
"1680","2018","Yolo1","B2",8995,"Yolo1 2018"
"1842","2018","Yolo1","B3",8372,"Yolo1 2018"
"1847","2018","Yolo1","B3",8547,"Yolo1 2018"
"1521","2018","Yolo1","B3",8176,"Yolo1 2018"
"1883","2018","Yolo1","B3",8150,"Yolo1 2018"
"1478","2018","Yolo1","B4",8451,"Yolo1 2018"
"1875","2018","Yolo1","B4",7859,"Yolo1 2018"
"1815","2018","Yolo1","B4",9002,"Yolo1 2018"
"1842","2018","Yolo1","B4",8328,"Yolo1 2018"
"1842","2018","Yolo1","B1",9120,"Yolo1 2018"
"112","2018","Yolo1","B1",6473,"Yolo1 2018"
"1887","2018","Yolo1","B2",9089,"Yolo1 2018"
"1847","2018","Yolo1","B2",9273,"Yolo1 2018"
"1748","2018","Yolo1","B2",7153,"Yolo1 2018"
"1842","2018","Yolo1","B2",9182,"Yolo1 2018"
"1478","2018","Yolo1","B3",7655,"Yolo1 2018"
"1886","2018","Yolo1","B3",7576,"Yolo1 2018"
"1731","2018","Yolo1","B3",6258,"Yolo1 2018"
"1730","2018","Yolo1","B3",6888,"Yolo1 2018"
"1886","2018","Yolo1","B4",8164,"Yolo1 2018"
"1878","2018","Yolo1","B4",8989,"Yolo1 2018"
"1730","2018","Yolo1","B4",7010,"Yolo1 2018"
"1478","2018","Yolo1","B1",7528,"Yolo1 2018"
"1847","2018","Yolo1","B1",9586,"Yolo1 2018"
"1879","2018","Yolo1","B1",5999,"Yolo1 2018"
"1886","2018","Yolo1","B2",8365,"Yolo1 2018"
"1884","2018","Yolo1","B2",7323,"Yolo1 2018"
"1878","2018","Yolo1","B2",9690,"Yolo1 2018"
"1880","2018","Yolo1","B2",8666,"Yolo1 2018"
"1745","2018","Yolo1","B3",7043,"Yolo1 2018"
"1522","2018","Yolo1","B3",8369,"Yolo1 2018"
"1882","2018","Yolo1","B3",8289,"Yolo1 2018"
"1743","2018","Yolo1","B3",8288,"Yolo1 2018"
"1884","2018","Yolo1","B4",7116,"Yolo1 2018"
"1847","2018","Yolo1","B4",9327,"Yolo1 2018"
"1657","2018","Yolo1","B4",6935,"Yolo1 2018"
"1680","2018","Yolo1","B4",7742,"Yolo1 2018"
"1888","2018","Imperial","B1",5805,"Imperial 2018"
"1880","2018","Imperial","B1",5495,"Imperial 2018"
"1723","2018","Imperial","B1",4907,"Imperial 2018"
"1815","2018","Imperial","B1",5446,"Imperial 2018"
"1743","2018","Imperial","B1",5786,"Imperial 2018"
"1879","2018","Imperial","B2",7017,"Imperial 2018"
"1751","2018","Imperial","B2",6700,"Imperial 2018"
"1886","2018","Imperial","B2",7185,"Imperial 2018"
"1883","2018","Imperial","B1",5625,"Imperial 2018"
"1830","2018","Imperial","B1",6364,"Imperial 2018"
"1875","2018","Imperial","B1",6409,"Imperial 2018"
"1879","2018","Imperial","B1",6811,"Imperial 2018"
"1723","2018","Imperial","B2",6465,"Imperial 2018"
"1745","2018","Imperial","B2",7609,"Imperial 2018"
"1658","2018","Imperial","B2",5483,"Imperial 2018"
"1887","2018","Imperial","B2",6482,"Imperial 2018"
"1478","2018","Imperial","B2",7276,"Imperial 2018"
"1835","2018","Imperial","B1",5750,"Imperial 2018"
"1522","2018","Imperial","B1",6577,"Imperial 2018"
"1882","2018","Imperial","B1",6310,"Imperial 2018"
"112","2018","Imperial","B1",10276,"Imperial 2018"
"1831","2018","Imperial","B1",5276,"Imperial 2018"
"1778","2018","Imperial","B2",7248,"Imperial 2018"
"1815","2018","Imperial","B2",7711,"Imperial 2018"
"1817","2018","Imperial","B2",7331,"Imperial 2018"
"1657","2018","Imperial","B2",6196,"Imperial 2018"
"1886","2018","Imperial","B1",6485,"Imperial 2018"
"1817","2018","Imperial","B1",6002,"Imperial 2018"
"1884","2018","Imperial","B1",6830,"Imperial 2018"
"1888","2018","Imperial","B2",7261,"Imperial 2018"
"1875","2018","Imperial","B2",7512,"Imperial 2018"
"1657","2018","Imperial","B1",6760,"Imperial 2018"
"1877","2018","Imperial","B1",7064,"Imperial 2018"
"1887","2018","Imperial","B1",7092,"Imperial 2018"
"1876","2018","Imperial","B1",6920,"Imperial 2018"
"1728","2018","Imperial","B2",5369,"Imperial 2018"
"1878","2018","Imperial","B2",7718,"Imperial 2018"
"1731","2018","Imperial","B2",5937,"Imperial 2018"
"1802","2018","Imperial","B1",6620,"Imperial 2018"
"1495","2018","Imperial","B1",7069,"Imperial 2018"
"1731","2018","Imperial","B1",7273,"Imperial 2018"
"1842","2018","Imperial","B2",7729,"Imperial 2018"
"1877","2018","Imperial","B2",8524,"Imperial 2018"
"1885","2018","Imperial","B2",7721,"Imperial 2018"
"1874","2018","Imperial","B2",7603,"Imperial 2018"
"1880","2018","Imperial","B2",7692,"Imperial 2018"
"1521","2018","Imperial","B1",7314,"Imperial 2018"
"1730","2018","Imperial","B1",7292,"Imperial 2018"
"1748","2018","Imperial","B1",8433,"Imperial 2018"
"1847","2018","Imperial","B1",7557,"Imperial 2018"
"1876","2018","Imperial","B2",5440,"Imperial 2018"
"1680","2018","Imperial","B2",6939,"Imperial 2018"
"1884","2018","Imperial","B2",7701,"Imperial 2018"
"1521","2018","Imperial","B2",8775,"Imperial 2018"
"1745","2018","Imperial","B1",8345,"Imperial 2018"
"1728","2018","Imperial","B1",8114,"Imperial 2018"
"1680","2018","Imperial","B1",7042,"Imperial 2018"
"1830","2018","Imperial","B2",7497,"Imperial 2018"
"1831","2018","Imperial","B2",7270,"Imperial 2018"
"1522","2018","Imperial","B2",7514,"Imperial 2018"
"1748","2018","Imperial","B2",5798,"Imperial 2018"
"1495","2018","Imperial","B2",7329,"Imperial 2018"
"1658","2018","Imperial","B1",6315,"Imperial 2018"
"1878","2018","Imperial","B1",6008,"Imperial 2018"
"1885","2018","Imperial","B1",7267,"Imperial 2018"
"1778","2018","Imperial","B1",6548,"Imperial 2018"
"1743","2018","Imperial","B2",8419,"Imperial 2018"
"1835","2018","Imperial","B2",7004,"Imperial 2018"
"112","2018","Imperial","B2",8758,"Imperial 2018"
"1847","2018","Imperial","B2",7052,"Imperial 2018"
"1842","2018","Imperial","B1",7334,"Imperial 2018"
"1751","2018","Imperial","B1",8166,"Imperial 2018"
"1874","2018","Imperial","B1",6914,"Imperial 2018"
"1883","2018","Imperial","B2",7497,"Imperial 2018"
"1802","2018","Imperial","B2",6870,"Imperial 2018"
"1882","2018","Imperial","B2",7866,"Imperial 2018"
"1730","2018","Imperial","B2",7134,"Imperial 2018"
"1842","2018","Imperial","B3",7591,"Imperial 2018"
"1728","2018","Imperial","B3",7476,"Imperial 2018"
"1884","2018","Imperial","B3",8179,"Imperial 2018"
"1731","2018","Imperial","B3",8291,"Imperial 2018"
"1478","2018","Imperial","B4",6098,"Imperial 2018"
"1751","2018","Imperial","B4",8277,"Imperial 2018"
"1817","2018","Imperial","B4",7464,"Imperial 2018"
"1658","2018","Imperial","B4",7792,"Imperial 2018"
"1876","2018","Imperial","B4",6954,"Imperial 2018"
"1745","2018","Imperial","B3",8335,"Imperial 2018"
"1817","2018","Imperial","B3",5849,"Imperial 2018"
"1522","2018","Imperial","B4",8319,"Imperial 2018"
"1730","2018","Imperial","B4",6764,"Imperial 2018"
"1680","2018","Imperial","B4",7329,"Imperial 2018"
"1888","2018","Imperial","B4",7544,"Imperial 2018"
"1522","2018","Imperial","B3",7627,"Imperial 2018"
"1658","2018","Imperial","B3",7990,"Imperial 2018"
"1883","2018","Imperial","B3",8963,"Imperial 2018"
"1874","2018","Imperial","B3",8826,"Imperial 2018"
"1478","2018","Imperial","B3",7334,"Imperial 2018"
"1745","2018","Imperial","B4",7607,"Imperial 2018"
"1874","2018","Imperial","B4",9350,"Imperial 2018"
"1842","2018","Imperial","B4",8191,"Imperial 2018"
"1884","2018","Imperial","B4",7590,"Imperial 2018"
"1748","2018","Imperial","B3",7801,"Imperial 2018"
"112","2018","Imperial","B3",7564,"Imperial 2018"
"1887","2018","Imperial","B3",8311,"Imperial 2018"
"1878","2018","Imperial","B3",8666,"Imperial 2018"
"1879","2018","Imperial","B3",7207,"Imperial 2018"
"1815","2018","Imperial","B4",8929,"Imperial 2018"
"1886","2018","Imperial","B4",7977,"Imperial 2018"
"1877","2018","Imperial","B3",8258,"Imperial 2018"
"1751","2018","Imperial","B3",8793,"Imperial 2018"
"1495","2018","Imperial","B3",7883,"Imperial 2018"
"1778","2018","Imperial","B3",8672,"Imperial 2018"
"1743","2018","Imperial","B3",6136,"Imperial 2018"
"1878","2018","Imperial","B4",10203,"Imperial 2018"
"1778","2018","Imperial","B4",8035,"Imperial 2018"
"1835","2018","Imperial","B3",9149,"Imperial 2018"
"1680","2018","Imperial","B3",8430,"Imperial 2018"
"1875","2018","Imperial","B3",9802,"Imperial 2018"
"1885","2018","Imperial","B4",8250,"Imperial 2018"
"1835","2018","Imperial","B4",8625,"Imperial 2018"
"1882","2018","Imperial","B4",8113,"Imperial 2018"
"1815","2018","Imperial","B3",8110,"Imperial 2018"
"1521","2018","Imperial","B3",9105,"Imperial 2018"
"1657","2018","Imperial","B3",8414,"Imperial 2018"
"1882","2018","Imperial","B3",8241,"Imperial 2018"
"1847","2018","Imperial","B3",9200,"Imperial 2018"
"112","2018","Imperial","B4",8476,"Imperial 2018"
"1521","2018","Imperial","B4",8257,"Imperial 2018"
"1743","2018","Imperial","B4",8128,"Imperial 2018"
"1748","2018","Imperial","B4",8006,"Imperial 2018"
"1657","2018","Imperial","B4",7696,"Imperial 2018"
"1876","2018","Imperial","B3",6888,"Imperial 2018"
"1885","2018","Imperial","B3",9442,"Imperial 2018"
"1888","2018","Imperial","B3",8156,"Imperial 2018"
"1831","2018","Imperial","B3",9335,"Imperial 2018"
"1880","2018","Imperial","B4",6807,"Imperial 2018"
"1731","2018","Imperial","B4",8347,"Imperial 2018"
"1830","2018","Imperial","B4",7914,"Imperial 2018"
"1887","2018","Imperial","B4",8192,"Imperial 2018"
"1875","2018","Imperial","B4",8310,"Imperial 2018"
"1802","2018","Imperial","B3",8042,"Imperial 2018"
"1830","2018","Imperial","B3",8380,"Imperial 2018"
"1877","2018","Imperial","B4",7604,"Imperial 2018"
"1728","2018","Imperial","B4",8773,"Imperial 2018"
"1723","2018","Imperial","B4",7551,"Imperial 2018"
"1847","2018","Imperial","B4",8518,"Imperial 2018"
"1883","2018","Imperial","B4",7720,"Imperial 2018"
"1886","2018","Imperial","B3",6936,"Imperial 2018"
"1880","2018","Imperial","B3",9354,"Imperial 2018"
"1723","2018","Imperial","B3",7113,"Imperial 2018"
"1730","2018","Imperial","B3",7653,"Imperial 2018"
"1802","2018","Imperial","B4",8404,"Imperial 2018"
"1831","2018","Imperial","B4",7659,"Imperial 2018"
"1879","2018","Imperial","B4",8345,"Imperial 2018"
"1495","2018","Imperial","B4",7686,"Imperial 2018"
"1874","2018","Kern","B1",6968,"Kern 2018"
"1817","2018","Kern","B1",6955,"Kern 2018"
"1748","2018","Kern","B2",6815,"Kern 2018"
"1658","2018","Kern","B2",8397,"Kern 2018"
"1657","2018","Kern","B2",8153,"Kern 2018"
"1802","2018","Kern","B2",8660,"Kern 2018"
"1751","2018","Kern","B2",7584,"Kern 2018"
"1874","2018","Kern","B3",6151,"Kern 2018"
"1879","2018","Kern","B3",5684,"Kern 2018"
"1657","2018","Kern","B3",7785,"Kern 2018"
"1730","2018","Kern","B3",6155,"Kern 2018"
"1802","2018","Kern","B4",6916,"Kern 2018"
"1830","2018","Kern","B4",6946,"Kern 2018"
"1884","2018","Kern","B4",7340,"Kern 2018"
"1878","2018","Kern","B4",5341,"Kern 2018"
"1875","2018","Kern","B1",8236,"Kern 2018"
"1880","2018","Kern","B1",7038,"Kern 2018"
"1495","2018","Kern","B1",6653,"Kern 2018"
"1883","2018","Kern","B2",5689,"Kern 2018"
"1882","2018","Kern","B2",6264,"Kern 2018"
"1522","2018","Kern","B2",7053,"Kern 2018"
"1835","2018","Kern","B2",8696,"Kern 2018"
"1831","2018","Kern","B2",7983,"Kern 2018"
"1835","2018","Kern","B3",7939,"Kern 2018"
"1731","2018","Kern","B3",6477,"Kern 2018"
"1751","2018","Kern","B3",5457,"Kern 2018"
"1831","2018","Kern","B3",7245,"Kern 2018"
"1830","2018","Kern","B3",6534,"Kern 2018"
"1876","2018","Kern","B4",6497,"Kern 2018"
"1877","2018","Kern","B4",5470,"Kern 2018"
"1883","2018","Kern","B4",6268,"Kern 2018"
"1888","2018","Kern","B4",6081,"Kern 2018"
"1778","2018","Kern","B1",9287,"Kern 2018"
"1878","2018","Kern","B1",8170,"Kern 2018"
"1815","2018","Kern","B1",7729,"Kern 2018"
"1680","2018","Kern","B1",4998,"Kern 2018"
"1680","2018","Kern","B2",5365,"Kern 2018"
"112","2018","Kern","B2",6116,"Kern 2018"
"1876","2018","Kern","B2",9627,"Kern 2018"
"1847","2018","Kern","B2",8826,"Kern 2018"
"1874","2018","Kern","B2",7988,"Kern 2018"
"1728","2018","Kern","B3",7814,"Kern 2018"
"1877","2018","Kern","B3",5502,"Kern 2018"
"1883","2018","Kern","B3",6000,"Kern 2018"
"1748","2018","Kern","B3",6709,"Kern 2018"
"1884","2018","Kern","B3",7479,"Kern 2018"
"1778","2018","Kern","B4",7946,"Kern 2018"
"1885","2018","Kern","B4",6032,"Kern 2018"
"1887","2018","Kern","B4",6908,"Kern 2018"
"1886","2018","Kern","B4",9056,"Kern 2018"
"1876","2018","Kern","B1",8747,"Kern 2018"
"1743","2018","Kern","B1",6622,"Kern 2018"
"1731","2018","Kern","B1",6729,"Kern 2018"
"1728","2018","Kern","B2",5884,"Kern 2018"
"1731","2018","Kern","B2",6005,"Kern 2018"
"1885","2018","Kern","B2",6495,"Kern 2018"
"1875","2018","Kern","B2",8083,"Kern 2018"
"1495","2018","Kern","B3",7793,"Kern 2018"
"1745","2018","Kern","B3",8139,"Kern 2018"
"1886","2018","Kern","B3",8866,"Kern 2018"
"1728","2018","Kern","B4",7939,"Kern 2018"
"1847","2018","Kern","B4",8359,"Kern 2018"
"1815","2018","Kern","B4",8038,"Kern 2018"
"1830","2018","Kern","B1",7910,"Kern 2018"
"1877","2018","Kern","B1",9425,"Kern 2018"
"1883","2018","Kern","B1",8027,"Kern 2018"
"1745","2018","Kern","B1",9398,"Kern 2018"
"1887","2018","Kern","B1",6226,"Kern 2018"
"1815","2018","Kern","B2",7103,"Kern 2018"
"1888","2018","Kern","B2",7137,"Kern 2018"
"1842","2018","Kern","B2",7991,"Kern 2018"
"1802","2018","Kern","B3",8114,"Kern 2018"
"1880","2018","Kern","B3",7743,"Kern 2018"
"1658","2018","Kern","B4",8167,"Kern 2018"
"1522","2018","Kern","B4",5992,"Kern 2018"
"1842","2018","Kern","B4",8456,"Kern 2018"
"1831","2018","Kern","B1",10157,"Kern 2018"
"1835","2018","Kern","B1",10034,"Kern 2018"
"1884","2018","Kern","B1",9577,"Kern 2018"
"1802","2018","Kern","B1",8771,"Kern 2018"
"1888","2018","Kern","B1",9043,"Kern 2018"
"1886","2018","Kern","B2",7395,"Kern 2018"
"1743","2018","Kern","B2",7461,"Kern 2018"
"1723","2018","Kern","B2",8234,"Kern 2018"
"1815","2018","Kern","B3",6914,"Kern 2018"
"1521","2018","Kern","B3",6822,"Kern 2018"
"1888","2018","Kern","B3",7698,"Kern 2018"
"1875","2018","Kern","B3",7539,"Kern 2018"
"1680","2018","Kern","B4",5427,"Kern 2018"
"112","2018","Kern","B4",6961,"Kern 2018"
"1723","2018","Kern","B1",10140,"Kern 2018"
"1657","2018","Kern","B1",10179,"Kern 2018"
"1886","2018","Kern","B1",9467,"Kern 2018"
"1778","2018","Kern","B2",7962,"Kern 2018"
"1830","2018","Kern","B2",8256,"Kern 2018"
"1877","2018","Kern","B2",7719,"Kern 2018"
"1778","2018","Kern","B3",6221,"Kern 2018"
"1745","2018","Kern","B4",7744,"Kern 2018"
"1730","2018","Kern","B4",7084,"Kern 2018"
"1657","2018","Kern","B4",8572,"Kern 2018"
"1495","2018","Kern","B4",9041,"Kern 2018"
"1878","2018","Kern","B2",7244,"Kern 2018"
"1884","2018","Kern","B2",8529,"Kern 2018"
"1478","2018","Kern","B2",6919,"Kern 2018"
"1745","2018","Kern","B2",8547,"Kern 2018"
"1847","2018","Kern","B3",8890,"Kern 2018"
"1743","2018","Kern","B3",7068,"Kern 2018"
"1680","2018","Kern","B3",6231,"Kern 2018"
"1887","2018","Kern","B3",7460,"Kern 2018"
"1817","2018","Kern","B3",8469,"Kern 2018"
"1880","2018","Kern","B4",6943,"Kern 2018"
"1521","2018","Kern","B4",8371,"Kern 2018"
"1743","2018","Kern","B4",7872,"Kern 2018"
"1835","2018","Kern","B4",8335,"Kern 2018"
"1831","2018","Kern","B4",9714,"Kern 2018"
"1478","2018","Kern","B1",7554,"Kern 2018"
"1842","2018","Kern","B1",7220,"Kern 2018"
"1730","2018","Kern","B2",6623,"Kern 2018"
"1887","2018","Kern","B2",7210,"Kern 2018"
"1817","2018","Kern","B2",8459,"Kern 2018"
"1658","2018","Kern","B3",9663,"Kern 2018"
"1878","2018","Kern","B3",6985,"Kern 2018"
"1478","2018","Kern","B3",6615,"Kern 2018"
"1882","2018","Kern","B3",7458,"Kern 2018"
"1723","2018","Kern","B4",7740,"Kern 2018"
"1751","2018","Kern","B4",7493,"Kern 2018"
"1817","2018","Kern","B4",6993,"Kern 2018"
"1521","2018","Kern","B1",7784,"Kern 2018"
"1847","2018","Kern","B1",6224,"Kern 2018"
"1879","2018","Kern","B1",6109,"Kern 2018"
"1879","2018","Kern","B2",5212,"Kern 2018"
"1723","2018","Kern","B3",7809,"Kern 2018"
"1876","2018","Kern","B3",6313,"Kern 2018"
"1842","2018","Kern","B3",6923,"Kern 2018"
"1885","2018","Kern","B3",6550,"Kern 2018"
"1874","2018","Kern","B4",6821,"Kern 2018"
"1731","2018","Kern","B4",7176,"Kern 2018"
"1879","2018","Kern","B4",7395,"Kern 2018"
"1478","2018","Kern","B4",7122,"Kern 2018"
"1874","2018","Kings","B1",8295,"Kings 2018"
"1658","2018","Kings","B1",8395,"Kings 2018"
"1817","2018","Kings","B1",6867,"Kings 2018"
"1751","2018","Kings","B1",6299,"Kings 2018"
"1478","2018","Kings","B2",5999,"Kings 2018"
"1680","2018","Kings","B2",7937,"Kings 2018"
"1874","2018","Kings","B2",8147,"Kings 2018"
"1847","2018","Kings","B3",8230,"Kings 2018"
"1882","2018","Kings","B3",7007,"Kings 2018"
"1748","2018","Kings","B3",7391,"Kings 2018"
"1680","2018","Kings","B3",8044,"Kings 2018"
"1817","2018","Kings","B4",6978,"Kings 2018"
"1835","2018","Kings","B4",7498,"Kings 2018"
"1880","2018","Kings","B4",7571,"Kings 2018"
"1875","2018","Kings","B1",6932,"Kings 2018"
"1880","2018","Kings","B1",8592,"Kings 2018"
"1495","2018","Kings","B1",6939,"Kings 2018"
"1728","2018","Kings","B1",5909,"Kings 2018"
"1748","2018","Kings","B2",6937,"Kings 2018"
"1882","2018","Kings","B2",8813,"Kings 2018"
"1802","2018","Kings","B2",8177,"Kings 2018"
"1751","2018","Kings","B3",5744,"Kings 2018"
"1885","2018","Kings","B3",6356,"Kings 2018"
"1521","2018","Kings","B3",8112,"Kings 2018"
"1495","2018","Kings","B3",6791,"Kings 2018"
"1877","2018","Kings","B3",8517,"Kings 2018"
"1831","2018","Kings","B4",7549,"Kings 2018"
"1887","2018","Kings","B4",8033,"Kings 2018"
"1874","2018","Kings","B4",8510,"Kings 2018"
"1778","2018","Kings","B1",7884,"Kings 2018"
"1878","2018","Kings","B1",8735,"Kings 2018"
"1815","2018","Kings","B1",8553,"Kings 2018"
"1680","2018","Kings","B1",7685,"Kings 2018"
"1521","2018","Kings","B2",7894,"Kings 2018"
"1879","2018","Kings","B2",6679,"Kings 2018"
"1842","2018","Kings","B2",8749,"Kings 2018"
"1876","2018","Kings","B2",8873,"Kings 2018"
"1743","2018","Kings","B3",6885,"Kings 2018"
"1728","2018","Kings","B3",5340,"Kings 2018"
"1802","2018","Kings","B3",9055,"Kings 2018"
"1723","2018","Kings","B4",7237,"Kings 2018"
"1888","2018","Kings","B4",8656,"Kings 2018"
"1885","2018","Kings","B4",5099,"Kings 2018"
"1882","2018","Kings","B1",8027,"Kings 2018"
"1743","2018","Kings","B1",7390,"Kings 2018"
"1731","2018","Kings","B1",5854,"Kings 2018"
"1880","2018","Kings","B2",8524,"Kings 2018"
"1751","2018","Kings","B2",6726,"Kings 2018"
"1657","2018","Kings","B2",9006,"Kings 2018"
"1886","2018","Kings","B2",9415,"Kings 2018"
"1817","2018","Kings","B3",5967,"Kings 2018"
"1815","2018","Kings","B3",6825,"Kings 2018"
"1888","2018","Kings","B3",9274,"Kings 2018"
"1830","2018","Kings","B3",8405,"Kings 2018"
"1748","2018","Kings","B4",6313,"Kings 2018"
"1878","2018","Kings","B4",8665,"Kings 2018"
"1657","2018","Kings","B4",7691,"Kings 2018"
"1883","2018","Kings","B4",8080,"Kings 2018"
"1830","2018","Kings","B1",8426,"Kings 2018"
"1883","2018","Kings","B1",8286,"Kings 2018"
"1745","2018","Kings","B1",8585,"Kings 2018"
"1887","2018","Kings","B1",9664,"Kings 2018"
"1495","2018","Kings","B2",6876,"Kings 2018"
"1743","2018","Kings","B2",7730,"Kings 2018"
"1723","2018","Kings","B2",8269,"Kings 2018"
"1847","2018","Kings","B2",9169,"Kings 2018"
"1875","2018","Kings","B3",6152,"Kings 2018"
"1522","2018","Kings","B3",7517,"Kings 2018"
"1778","2018","Kings","B4",7209,"Kings 2018"
"1877","2018","Kings","B4",8227,"Kings 2018"
"1847","2018","Kings","B4",8801,"Kings 2018"
"1802","2018","Kings","B4",8179,"Kings 2018"
"1831","2018","Kings","B1",8809,"Kings 2018"
"1835","2018","Kings","B1",8413,"Kings 2018"
"1884","2018","Kings","B1",8042,"Kings 2018"
"1802","2018","Kings","B1",8423,"Kings 2018"
"1888","2018","Kings","B1",9663,"Kings 2018"
"1815","2018","Kings","B2",7775,"Kings 2018"
"1778","2018","Kings","B2",8376,"Kings 2018"
"1887","2018","Kings","B2",8497,"Kings 2018"
"1658","2018","Kings","B2",8227,"Kings 2018"
"1879","2018","Kings","B3",6258,"Kings 2018"
"112","2018","Kings","B3",6185,"Kings 2018"
"1730","2018","Kings","B3",6791,"Kings 2018"
"1478","2018","Kings","B3",6126,"Kings 2018"
"1778","2018","Kings","B3",7902,"Kings 2018"
"1728","2018","Kings","B4",6534,"Kings 2018"
"1745","2018","Kings","B4",8348,"Kings 2018"
"112","2018","Kings","B4",7023,"Kings 2018"
"1743","2018","Kings","B4",7271,"Kings 2018"
"1521","2018","Kings","B4",8339,"Kings 2018"
"1723","2018","Kings","B1",7276,"Kings 2018"
"1885","2018","Kings","B1",6609,"Kings 2018"
"1748","2018","Kings","B1",6649,"Kings 2018"
"1886","2018","Kings","B1",8440,"Kings 2018"
"1830","2018","Kings","B2",8042,"Kings 2018"
"1831","2018","Kings","B2",7273,"Kings 2018"
"1658","2018","Kings","B3",7581,"Kings 2018"
"1886","2018","Kings","B4",8588,"Kings 2018"
"1830","2018","Kings","B4",7175,"Kings 2018"
"1680","2018","Kings","B4",7823,"Kings 2018"
"1879","2018","Kings","B4",5579,"Kings 2018"
"1522","2018","Kings","B1",7108,"Kings 2018"
"1730","2018","Kings","B1",6190,"Kings 2018"
"1728","2018","Kings","B2",4997,"Kings 2018"
"1875","2018","Kings","B2",6822,"Kings 2018"
"1884","2018","Kings","B2",7807,"Kings 2018"
"1835","2018","Kings","B2",7518,"Kings 2018"
"1835","2018","Kings","B3",7171,"Kings 2018"
"1884","2018","Kings","B3",6771,"Kings 2018"
"1883","2018","Kings","B3",6841,"Kings 2018"
"1831","2018","Kings","B3",7282,"Kings 2018"
"1658","2018","Kings","B4",7758,"Kings 2018"
"1751","2018","Kings","B4",6063,"Kings 2018"
"1875","2018","Kings","B4",6684,"Kings 2018"
"1815","2018","Kings","B4",7745,"Kings 2018"
"1884","2018","Kings","B4",7278,"Kings 2018"
"1478","2018","Kings","B1",6355,"Kings 2018"
"1842","2018","Kings","B1",7454,"Kings 2018"
"112","2018","Kings","B1",7379,"Kings 2018"
"112","2018","Kings","B2",7112,"Kings 2018"
"1883","2018","Kings","B2",8398,"Kings 2018"
"1885","2018","Kings","B2",6940,"Kings 2018"
"1730","2018","Kings","B2",6528,"Kings 2018"
"1874","2018","Kings","B3",8313,"Kings 2018"
"1842","2018","Kings","B3",7789,"Kings 2018"
"1657","2018","Kings","B3",6513,"Kings 2018"
"1478","2018","Kings","B4",5949,"Kings 2018"
"1842","2018","Kings","B4",7405,"Kings 2018"
"1522","2018","Kings","B4",6305,"Kings 2018"
"1730","2018","Kings","B4",6968,"Kings 2018"
"1521","2018","Kings","B1",7249,"Kings 2018"
"1847","2018","Kings","B1",8935,"Kings 2018"
"1879","2018","Kings","B1",6057,"Kings 2018"
"1888","2018","Kings","B2",8473,"Kings 2018"
"1878","2018","Kings","B2",9695,"Kings 2018"
"1745","2018","Kings","B2",8014,"Kings 2018"
"1731","2018","Kings","B2",7126,"Kings 2018"
"1817","2018","Kings","B2",7068,"Kings 2018"
"1886","2018","Kings","B3",7786,"Kings 2018"
"1723","2018","Kings","B3",5943,"Kings 2018"
"1745","2018","Kings","B3",7882,"Kings 2018"
"1887","2018","Kings","B3",7002,"Kings 2018"
"1495","2018","Kings","B4",5968,"Kings 2018"
"1882","2018","Kings","B4",6960,"Kings 2018"
"1731","2018","Kings","B4",5105,"Kings 2018"
